month_end_date,prior_month_end_date,fiscal_year,fiscal_year_label,fiscal_quarter_label,fiscal_period,fiscal_month,is_fiscal_year_end
2022-07-31,2022-06-30,2023,FY23,FY23 Q1,FY23 P01,1,false
2022-08-31,2022-07-31,2023,FY23,FY23 Q1,FY23 P02,2,false
2022-09-30,2022-08-31,2023,FY23,FY23 Q1,FY23 P03,3,false
2022-10-31,2022-09-30,2023,FY23,FY23 Q2,FY23 P04,4,false
2022-11-30,2022-10-31,2023,FY23,FY23 Q2,FY23 P05,5,false
2022-12-31,2022-11-30,2023,FY23,FY23 Q2,FY23 P06,6,false
2023-01-31,2022-12-31,2023,FY23,FY23 Q3,FY23 P07,7,false
2023-02-28,2023-01-31,2023,FY23,FY23 Q3,FY23 P08,8,false
2023-03-31,2023-02-28,2023,FY23,FY23 Q3,FY23 P09,9,false
2023-04-30,2023-03-31,2023,FY23,FY23 Q4,FY23 P10,10,false
2023-05-31,2023-04-30,2023,FY23,FY23 Q4,FY23 P11,11,false
2023-06-30,2023-05-31,2023,FY23,FY23 Q4,FY23 P12,12,true
2023-07-31,2023-06-30,2024,FY24,FY24 Q1,FY24 P01,1,false
2023-08-31,2023-07-31,2024,FY24,FY24 Q1,FY24 P02,2,false
2023-09-30,2023-08-31,2024,FY24,FY24 Q1,FY24 P03,3,false
2023-10-31,2023-09-30,2024,FY24,FY24 Q2,FY24 P04,4,false
2023-11-30,2023-10-31,2024,FY24,FY24 Q2,FY24 P05,5,false
2023-12-31,2023-11-30,2024,FY24,FY24 Q2,FY24 P06,6,false
2024-01-31,2023-12-31,2024,FY24,FY24 Q3,FY24 P07,7,false
2024-02-29,2024-01-31,2024,FY24,FY24 Q3,FY24 P08,8,false
2024-03-31,2024-02-29,2024,FY24,FY24 Q3,FY24 P09,9,false
2024-04-30,2024-03-31,2024,FY24,FY24 Q4,FY24 P10,10,false
2024-05-31,2024-04-30,2024,FY24,FY24 Q4,FY24 P11,11,false
2024-06-30,2024-05-31,2024,FY24,FY24 Q4,FY24 P12,12,true
2024-07-31,2024-06-30,2025,FY25,FY25 Q1,FY25 P01,1,false
2024-08-31,2024-07-31,2025,FY25,FY25 Q1,FY25 P02,2,false
2024-09-30,2024-08-31,2025,FY25,FY25 Q1,FY25 P03,3,false
2024-10-31,2024-09-30,2025,FY25,FY25 Q2,FY25 P04,4,false
2024-11-30,2024-10-31,2025,FY25,FY25 Q2,FY25 P05,5,false
2024-12-31,2024-11-30,2025,FY25,FY25 Q2,FY25 P06,6,false
2025-01-31,2024-12-31,2025,FY25,FY25 Q3,FY25 P07,7,false
2025-02-28,2025-01-31,2025,FY25,FY25 Q3,FY25 P08,8,false
2025-03-31,2025-02-28,2025,FY25,FY25 Q3,FY25 P09,9,false
2025-04-30,2025-03-31,2025,FY25,FY25 Q4,FY25 P10,10,false
2025-05-31,2025-04-30,2025,FY25,FY25 Q4,FY25 P11,11,false
2025-06-30,2025-05-31,2025,FY25,FY25 Q4,FY25 P12,12,true
2025-07-31,2025-06-30,2026,FY26,FY26 Q1,FY26 P01,1,false
2025-08-31,2025-07-31,2026,FY26,FY26 Q1,FY26 P02,2,false
2025-09-30,2025-08-31,2026,FY26,FY26 Q1,FY26 P03,3,false
2025-10-31,2025-09-30,2026,FY26,FY26 Q2,FY26 P04,4,false
2025-11-30,2025-10-31,2026,FY26,FY26 Q2,FY26 P05,5,false
2025-12-31,2025-11-30,2026,FY26,FY26 Q2,FY26 P06,6,false
2026-01-31,2025-12-31,2026,FY26,FY26 Q3,FY26 P07,7,false
2026-02-28,2026-01-31,2026,FY26,FY26 Q3,FY26 P08,8,false
2026-03-31,2026-02-28,2026,FY26,FY26 Q3,FY26 P09,9,false
2026-04-30,2026-03-31,2026,FY26,FY26 Q4,FY26 P10,10,false
2026-05-31,2026-04-30,2026,FY26,FY26 Q4,FY26 P11,11,false
2026-06-30,2026-05-31,2026,FY26,FY26 Q4,FY26 P12,12,true
