month_end_date,location_id,opening_headcount,hires,voluntary_terminations,involuntary_terminations,relocations_in,relocations_out,closing_headcount,closing_fte
2022-07-31,LOC-001,1359,25,12,2,0,2,1368,1350.60
2022-07-31,LOC-002,864,11,6,4,3,0,868,859.50
2022-07-31,LOC-003,817,15,10,2,0,0,820,810.30
2022-07-31,LOC-004,849,17,7,3,1,1,856,848.00
2022-07-31,LOC-005,378,7,3,1,0,1,380,376.70
2022-07-31,LOC-006,332,9,5,1,0,0,335,329.60
2022-07-31,LOC-007,523,6,3,1,0,1,524,516.90
2022-07-31,LOC-008,292,6,1,0,1,0,298,295.30
2022-07-31,LOC-009,655,12,8,1,0,1,657,646.70
2022-07-31,LOC-010,479,13,2,1,0,0,489,485.80
2022-07-31,LOC-011,268,3,4,2,0,0,265,261.60
2022-07-31,LOC-012,101,6,0,0,1,0,108,105.30
2022-07-31,LOC-013,367,5,3,1,0,0,368,364.70
2022-07-31,LOC-014,372,6,2,2,0,0,374,369.40
2022-07-31,LOC-015,1016,11,11,0,1,4,1013,1004.60
2022-07-31,LOC-016,1044,20,13,3,4,1,1051,1039.00
2022-07-31,LOC-017,389,7,6,0,0,0,390,387.10
2022-07-31,LOC-018,124,3,2,0,0,0,125,124.10
2022-07-31,LOC-019,208,4,2,0,0,0,210,208.10
2022-07-31,LOC-020,190,3,3,0,0,0,190,188.30
2022-07-31,LOC-021,203,2,0,0,0,1,204,201.30
2022-07-31,LOC-022,182,2,0,0,1,0,185,183.80
2022-08-31,LOC-001,1368,20,11,2,0,4,1371,1354.00
2022-08-31,LOC-002,868,11,6,1,2,1,873,864.30
2022-08-31,LOC-003,820,17,8,1,2,0,830,820.10
2022-08-31,LOC-004,856,15,9,2,0,1,859,850.40
2022-08-31,LOC-005,380,10,10,1,1,2,378,374.30
2022-08-31,LOC-006,335,6,1,2,0,0,338,332.60
2022-08-31,LOC-007,524,11,4,1,0,0,530,522.50
2022-08-31,LOC-008,298,6,3,0,1,0,302,299.30
2022-08-31,LOC-009,657,14,2,3,0,0,666,655.90
2022-08-31,LOC-010,489,10,3,1,0,0,495,491.80
2022-08-31,LOC-011,265,6,2,1,2,0,270,266.60
2022-08-31,LOC-012,108,0,1,0,0,0,107,104.30
2022-08-31,LOC-013,368,6,6,1,1,1,367,363.70
2022-08-31,LOC-014,374,7,2,0,0,1,378,373.20
2022-08-31,LOC-015,1013,19,7,4,4,4,1021,1012.40
2022-08-31,LOC-016,1051,24,5,3,5,2,1070,1056.90
2022-08-31,LOC-017,390,6,3,0,0,0,393,389.90
2022-08-31,LOC-018,125,2,2,0,0,0,125,124.10
2022-08-31,LOC-019,210,1,4,1,0,1,205,202.70
2022-08-31,LOC-020,190,4,1,1,0,0,192,190.30
2022-08-31,LOC-021,204,3,3,1,1,4,200,197.30
2022-08-31,LOC-022,185,5,0,1,3,1,191,189.80
2022-09-30,LOC-001,1371,19,12,4,4,1,1377,1359.80
2022-09-30,LOC-002,873,9,7,6,3,1,871,861.40
2022-09-30,LOC-003,830,17,9,1,5,7,835,823.80
2022-09-30,LOC-004,859,16,4,2,0,4,865,855.50
2022-09-30,LOC-005,378,6,3,1,1,1,380,375.30
2022-09-30,LOC-006,338,7,3,1,0,0,341,335.60
2022-09-30,LOC-007,530,5,3,1,0,0,531,523.00
2022-09-30,LOC-008,302,7,1,0,1,0,309,305.70
2022-09-30,LOC-009,666,10,11,1,0,0,664,654.40
2022-09-30,LOC-010,495,7,4,1,0,0,497,493.10
2022-09-30,LOC-011,270,6,2,0,0,0,274,270.20
2022-09-30,LOC-012,107,2,2,0,0,0,107,104.30
2022-09-30,LOC-013,367,6,7,0,2,1,367,363.00
2022-09-30,LOC-014,378,2,3,0,1,2,376,370.80
2022-09-30,LOC-015,1021,21,15,4,2,3,1022,1012.70
2022-09-30,LOC-016,1070,23,5,3,2,2,1085,1071.90
2022-09-30,LOC-017,393,7,1,4,1,0,396,393.40
2022-09-30,LOC-018,125,1,3,0,0,0,123,122.10
2022-09-30,LOC-019,205,3,1,0,0,0,207,204.70
2022-09-30,LOC-020,192,1,1,1,0,0,191,189.30
2022-09-30,LOC-021,200,1,0,1,1,0,201,198.30
2022-09-30,LOC-022,191,2,1,0,0,1,191,189.80
2022-10-31,LOC-001,1377,20,15,3,2,6,1375,1357.80
2022-10-31,LOC-002,871,19,9,6,4,2,877,866.70
2022-10-31,LOC-003,835,13,10,2,3,4,835,823.40
2022-10-31,LOC-004,865,18,10,2,3,0,874,865.10
2022-10-31,LOC-005,380,8,0,1,0,1,386,380.60
2022-10-31,LOC-006,341,6,5,0,0,0,342,336.40
2022-10-31,LOC-007,531,8,8,1,0,0,530,522.00
2022-10-31,LOC-008,309,5,4,1,0,0,309,305.20
2022-10-31,LOC-009,664,14,12,3,0,0,663,653.40
2022-10-31,LOC-010,497,11,6,2,0,0,500,495.90
2022-10-31,LOC-011,274,3,3,0,0,0,274,270.20
2022-10-31,LOC-012,107,5,2,0,0,0,110,107.30
2022-10-31,LOC-013,367,16,2,0,3,1,383,378.80
2022-10-31,LOC-014,376,7,2,2,1,2,378,372.80
2022-10-31,LOC-015,1022,22,5,1,6,1,1043,1033.70
2022-10-31,LOC-016,1085,22,13,3,1,6,1086,1072.20
2022-10-31,LOC-017,396,5,2,0,0,0,399,396.40
2022-10-31,LOC-018,123,4,0,1,0,0,126,125.10
2022-10-31,LOC-019,207,6,1,0,0,0,212,209.70
2022-10-31,LOC-020,191,5,1,1,0,0,194,192.50
2022-10-31,LOC-021,201,3,1,1,1,0,203,200.50
2022-10-31,LOC-022,191,2,0,2,0,1,190,188.80
2022-11-30,LOC-001,1375,30,10,4,2,3,1390,1372.30
2022-11-30,LOC-002,877,19,10,0,3,2,887,876.20
2022-11-30,LOC-003,835,18,11,1,0,0,841,829.00
2022-11-30,LOC-004,874,16,7,1,2,6,878,869.50
2022-11-30,LOC-005,386,5,5,1,1,0,386,380.20
2022-11-30,LOC-006,342,12,2,1,0,0,351,345.40
2022-11-30,LOC-007,530,6,6,3,2,0,529,520.50
2022-11-30,LOC-008,309,4,3,1,0,0,309,305.00
2022-11-30,LOC-009,663,15,10,3,0,0,665,654.70
2022-11-30,LOC-010,500,3,3,1,2,1,500,495.70
2022-11-30,LOC-011,274,5,2,0,0,0,277,273.20
2022-11-30,LOC-012,110,2,2,0,0,0,110,107.80
2022-11-30,LOC-013,383,3,4,1,1,1,381,376.80
2022-11-30,LOC-014,378,6,2,0,1,0,383,377.80
2022-11-30,LOC-015,1043,18,14,1,2,1,1047,1037.10
2022-11-30,LOC-016,1086,19,6,1,0,2,1096,1082.50
2022-11-30,LOC-017,399,8,6,1,0,0,400,397.20
2022-11-30,LOC-018,126,2,1,0,0,0,127,125.90
2022-11-30,LOC-019,212,7,3,2,0,1,213,210.90
2022-11-30,LOC-020,194,6,2,0,0,0,198,196.50
2022-11-30,LOC-021,203,2,3,1,0,0,201,198.50
2022-11-30,LOC-022,190,2,2,0,1,0,191,189.60
2022-12-31,LOC-001,1390,19,18,3,2,2,1388,1369.30
2022-12-31,LOC-002,887,16,3,0,3,0,903,892.20
2022-12-31,LOC-003,841,17,5,3,1,2,849,837.00
2022-12-31,LOC-004,878,8,10,1,2,2,875,865.50
2022-12-31,LOC-005,386,6,4,1,2,1,388,382.20
2022-12-31,LOC-006,351,7,2,1,0,1,354,348.60
2022-12-31,LOC-007,529,15,3,0,1,1,541,532.70
2022-12-31,LOC-008,309,3,2,0,0,1,309,305.00
2022-12-31,LOC-009,665,13,4,0,0,0,674,663.50
2022-12-31,LOC-010,500,4,4,1,0,0,499,495.20
2022-12-31,LOC-011,277,6,0,2,0,0,281,277.40
2022-12-31,LOC-012,110,2,1,0,0,0,111,108.60
2022-12-31,LOC-013,381,4,5,0,2,2,380,375.80
2022-12-31,LOC-014,383,5,5,1,1,2,381,375.80
2022-12-31,LOC-015,1047,19,9,0,4,3,1058,1048.10
2022-12-31,LOC-016,1096,18,12,2,3,5,1098,1085.00
2022-12-31,LOC-017,400,8,2,3,0,0,403,400.00
2022-12-31,LOC-018,127,0,0,1,0,0,126,124.90
2022-12-31,LOC-019,213,4,1,0,0,0,216,213.90
2022-12-31,LOC-020,198,2,1,1,0,0,198,196.50
2022-12-31,LOC-021,201,2,3,1,1,0,200,197.20
2022-12-31,LOC-022,191,1,3,0,0,0,189,187.60
2023-01-31,LOC-001,1388,22,10,3,0,2,1395,1376.70
2023-01-31,LOC-002,903,21,10,1,2,0,915,903.30
2023-01-31,LOC-003,849,13,7,0,0,1,854,841.60
2023-01-31,LOC-004,875,15,11,2,0,3,874,864.00
2023-01-31,LOC-005,388,3,3,0,1,2,387,381.70
2023-01-31,LOC-006,354,6,1,2,1,0,358,352.40
2023-01-31,LOC-007,541,11,2,4,2,0,548,539.20
2023-01-31,LOC-008,309,2,2,0,0,0,309,305.00
2023-01-31,LOC-009,674,13,3,1,0,0,683,671.40
2023-01-31,LOC-010,499,11,2,0,0,0,508,504.00
2023-01-31,LOC-011,281,3,3,1,0,0,280,276.00
2023-01-31,LOC-012,111,3,1,0,0,0,113,110.40
2023-01-31,LOC-013,380,6,1,0,0,2,383,378.80
2023-01-31,LOC-014,381,6,4,2,2,0,383,378.10
2023-01-31,LOC-015,1058,11,5,3,4,1,1064,1054.10
2023-01-31,LOC-016,1098,20,10,0,1,2,1107,1094.00
2023-01-31,LOC-017,403,10,6,0,0,0,407,403.50
2023-01-31,LOC-018,126,2,4,0,0,0,124,122.90
2023-01-31,LOC-019,216,4,2,1,0,0,217,214.70
2023-01-31,LOC-020,198,1,2,2,0,0,195,193.70
2023-01-31,LOC-021,200,4,4,0,0,1,199,196.20
2023-01-31,LOC-022,189,3,1,0,1,0,192,190.60
2023-02-28,LOC-001,1395,28,11,1,4,4,1411,1392.50
2023-02-28,LOC-002,915,19,11,1,2,3,921,909.30
2023-02-28,LOC-003,854,19,7,1,1,1,865,852.60
2023-02-28,LOC-004,874,17,7,2,3,0,885,875.00
2023-02-28,LOC-005,387,1,2,3,0,1,382,376.70
2023-02-28,LOC-006,358,8,5,1,0,0,360,354.40
2023-02-28,LOC-007,548,3,5,2,0,0,544,535.70
2023-02-28,LOC-008,309,5,2,1,0,0,311,306.80
2023-02-28,LOC-009,683,7,7,1,1,0,683,671.40
2023-02-28,LOC-010,508,14,2,2,0,0,518,513.60
2023-02-28,LOC-011,280,6,3,0,1,0,284,280.00
2023-02-28,LOC-012,113,2,1,0,0,0,114,111.40
2023-02-28,LOC-013,383,6,3,2,1,2,383,378.60
2023-02-28,LOC-014,383,6,4,1,3,1,386,381.10
2023-02-28,LOC-015,1064,17,8,3,3,6,1067,1057.00
2023-02-28,LOC-016,1107,13,11,2,4,4,1107,1093.80
2023-02-28,LOC-017,407,7,3,0,0,0,411,407.50
2023-02-28,LOC-018,124,2,3,0,0,0,123,121.90
2023-02-28,LOC-019,217,2,1,0,0,0,218,215.70
2023-02-28,LOC-020,195,5,5,0,0,0,195,193.70
2023-02-28,LOC-021,199,3,2,2,1,0,199,196.20
2023-02-28,LOC-022,192,2,1,1,0,2,190,188.60
2023-03-31,LOC-001,1411,29,10,2,0,0,1428,1409.50
2023-03-31,LOC-002,921,15,19,1,0,0,916,904.10
2023-03-31,LOC-003,865,18,10,1,0,0,872,859.60
2023-03-31,LOC-004,885,16,10,3,0,0,888,877.50
2023-03-31,LOC-005,382,13,2,0,0,0,393,387.70
2023-03-31,LOC-006,360,4,3,2,0,0,359,353.40
2023-03-31,LOC-007,544,7,6,2,0,0,543,534.70
2023-03-31,LOC-008,311,6,3,1,0,0,313,308.80
2023-03-31,LOC-009,683,9,12,2,0,0,678,666.40
2023-03-31,LOC-010,518,12,3,0,0,0,527,522.60
2023-03-31,LOC-011,284,4,1,0,0,0,287,283.00
2023-03-31,LOC-012,114,1,2,1,0,0,112,109.70
2023-03-31,LOC-013,383,10,7,0,0,0,386,381.60
2023-03-31,LOC-014,386,4,4,2,0,0,384,379.10
2023-03-31,LOC-015,1067,23,4,3,0,0,1083,1072.40
2023-03-31,LOC-016,1107,16,8,1,0,0,1114,1100.80
2023-03-31,LOC-017,411,5,4,0,0,0,412,409.00
2023-03-31,LOC-018,123,1,1,0,0,0,123,121.90
2023-03-31,LOC-019,218,2,0,1,0,0,219,216.70
2023-03-31,LOC-020,195,3,0,0,0,0,198,196.70
2023-03-31,LOC-021,199,3,2,0,0,0,200,197.20
2023-03-31,LOC-022,190,3,3,2,0,0,188,186.60
2023-04-30,LOC-001,1428,28,17,2,3,3,1437,1418.30
2023-04-30,LOC-002,916,20,11,1,1,2,923,910.70
2023-04-30,LOC-003,872,15,6,4,1,2,876,864.10
2023-04-30,LOC-004,888,15,7,4,2,1,893,882.30
2023-04-30,LOC-005,393,7,4,0,1,1,396,390.70
2023-04-30,LOC-006,359,5,1,2,0,0,361,354.90
2023-04-30,LOC-007,543,8,4,2,0,0,545,536.50
2023-04-30,LOC-008,313,6,1,3,0,0,315,310.80
2023-04-30,LOC-009,678,15,2,2,1,0,690,677.80
2023-04-30,LOC-010,527,5,2,2,0,0,528,523.40
2023-04-30,LOC-011,287,4,2,0,0,1,288,283.80
2023-04-30,LOC-012,112,2,1,0,0,0,113,110.70
2023-04-30,LOC-013,386,6,1,3,1,2,387,382.60
2023-04-30,LOC-014,384,5,5,0,2,1,385,379.90
2023-04-30,LOC-015,1083,30,13,1,1,0,1100,1088.90
2023-04-30,LOC-016,1114,20,13,2,1,1,1119,1104.10
2023-04-30,LOC-017,412,9,7,1,0,0,413,410.30
2023-04-30,LOC-018,123,3,2,1,0,0,123,121.40
2023-04-30,LOC-019,219,1,1,0,0,0,219,216.70
2023-04-30,LOC-020,198,3,0,1,0,0,200,198.70
2023-04-30,LOC-021,200,3,4,0,0,2,197,194.00
2023-04-30,LOC-022,188,6,3,1,2,0,192,190.60
2023-05-31,LOC-001,1437,36,16,3,0,2,1452,1432.70
2023-05-31,LOC-002,923,9,10,3,4,1,922,909.90
2023-05-31,LOC-003,876,26,7,1,2,5,891,878.00
2023-05-31,LOC-004,893,16,8,2,3,1,901,890.10
2023-05-31,LOC-005,396,3,4,0,2,0,397,391.70
2023-05-31,LOC-006,361,3,2,1,1,0,362,355.40
2023-05-31,LOC-007,545,9,4,0,0,1,549,540.50
2023-05-31,LOC-008,315,6,5,1,0,0,315,310.60
2023-05-31,LOC-009,690,10,3,1,0,0,696,684.00
2023-05-31,LOC-010,528,9,6,2,1,2,528,523.20
2023-05-31,LOC-011,288,4,5,2,0,0,285,280.80
2023-05-31,LOC-012,113,0,1,0,0,0,112,109.70
2023-05-31,LOC-013,387,6,2,2,0,1,388,383.60
2023-05-31,LOC-014,385,11,2,0,0,0,394,388.90
2023-05-31,LOC-015,1100,25,10,4,3,2,1112,1100.40
2023-05-31,LOC-016,1119,21,16,3,2,3,1120,1105.30
2023-05-31,LOC-017,413,8,8,2,0,1,410,407.50
2023-05-31,LOC-018,123,1,2,1,1,0,122,120.40
2023-05-31,LOC-019,219,1,4,0,0,0,216,213.00
2023-05-31,LOC-020,200,0,2,3,0,0,195,194.20
2023-05-31,LOC-021,197,8,2,0,0,1,202,199.00
2023-05-31,LOC-022,192,3,0,0,1,0,196,194.10
2023-06-30,LOC-001,1452,31,16,1,2,5,1463,1442.50
2023-06-30,LOC-002,922,12,17,5,1,4,909,896.90
2023-06-30,LOC-003,891,18,4,3,5,3,904,890.30
2023-06-30,LOC-004,901,21,5,1,4,2,918,905.90
2023-06-30,LOC-005,397,7,2,1,2,3,400,394.20
2023-06-30,LOC-006,362,8,2,0,1,0,369,362.20
2023-06-30,LOC-007,549,7,3,2,0,0,551,542.00
2023-06-30,LOC-008,315,3,2,0,0,0,316,312.10
2023-06-30,LOC-009,696,11,4,1,0,0,702,690.00
2023-06-30,LOC-010,528,7,5,0,1,0,531,526.00
2023-06-30,LOC-011,285,4,4,0,0,0,285,280.80
2023-06-30,LOC-012,112,0,0,0,0,0,112,109.70
2023-06-30,LOC-013,388,12,5,0,2,2,395,390.10
2023-06-30,LOC-014,394,4,2,2,1,1,394,388.90
2023-06-30,LOC-015,1112,20,10,2,3,2,1121,1109.20
2023-06-30,LOC-016,1120,15,4,4,1,3,1125,1110.10
2023-06-30,LOC-017,410,4,3,1,2,0,412,409.50
2023-06-30,LOC-018,122,1,1,0,0,0,122,120.40
2023-06-30,LOC-019,216,4,3,0,1,0,218,215.00
2023-06-30,LOC-020,195,3,2,0,0,0,196,195.00
2023-06-30,LOC-021,202,5,0,0,1,1,207,204.00
2023-06-30,LOC-022,196,4,3,0,0,1,196,193.60
2023-07-31,LOC-001,1463,17,8,10,5,3,1464,1443.40
2023-07-31,LOC-002,909,9,10,3,0,1,904,891.70
2023-07-31,LOC-003,904,9,10,1,1,6,897,882.80
2023-07-31,LOC-004,918,7,7,2,7,4,919,906.90
2023-07-31,LOC-005,400,6,4,1,1,1,401,395.20
2023-07-31,LOC-006,369,2,1,0,0,0,370,363.00
2023-07-31,LOC-007,551,4,1,2,0,0,552,543.00
2023-07-31,LOC-008,316,3,5,2,0,0,312,308.10
2023-07-31,LOC-009,702,13,5,1,1,1,709,696.50
2023-07-31,LOC-010,531,5,5,2,1,0,530,524.40
2023-07-31,LOC-011,285,2,2,1,0,0,284,279.80
2023-07-31,LOC-012,112,5,0,0,0,0,117,114.70
2023-07-31,LOC-013,395,0,0,2,2,1,394,388.90
2023-07-31,LOC-014,394,4,4,0,1,2,393,388.10
2023-07-31,LOC-015,1121,13,6,1,4,3,1128,1116.00
2023-07-31,LOC-016,1125,17,8,1,4,4,1133,1116.70
2023-07-31,LOC-017,412,6,3,1,1,1,414,411.30
2023-07-31,LOC-018,122,0,0,0,0,1,121,119.40
2023-07-31,LOC-019,218,1,1,1,0,0,217,214.00
2023-07-31,LOC-020,196,4,4,0,0,0,196,195.00
2023-07-31,LOC-021,207,0,2,1,1,0,205,201.80
2023-07-31,LOC-022,196,2,2,1,0,1,194,191.80
2023-08-31,LOC-001,1464,14,18,3,7,0,1464,1442.10
2023-08-31,LOC-002,904,7,6,4,3,3,901,887.70
2023-08-31,LOC-003,897,10,8,0,2,4,897,881.80
2023-08-31,LOC-004,919,3,3,1,1,6,913,900.90
2023-08-31,LOC-005,401,8,3,0,0,0,406,399.50
2023-08-31,LOC-006,370,1,3,0,0,0,368,361.00
2023-08-31,LOC-007,552,6,1,0,0,1,556,546.80
2023-08-31,LOC-008,312,5,5,0,0,0,312,308.10
2023-08-31,LOC-009,709,11,6,2,0,0,712,699.30
2023-08-31,LOC-010,530,5,7,2,1,0,527,521.90
2023-08-31,LOC-011,284,2,0,0,1,0,287,282.80
2023-08-31,LOC-012,117,0,0,0,0,0,117,114.50
2023-08-31,LOC-013,394,4,3,0,3,2,396,390.90
2023-08-31,LOC-014,393,4,1,0,1,2,395,390.30
2023-08-31,LOC-015,1128,13,9,2,6,2,1134,1121.00
2023-08-31,LOC-016,1133,10,13,1,2,7,1124,1107.50
2023-08-31,LOC-017,414,6,7,2,0,0,411,408.50
2023-08-31,LOC-018,121,1,0,0,0,0,122,120.20
2023-08-31,LOC-019,217,1,2,0,1,1,216,213.00
2023-08-31,LOC-020,196,1,0,0,0,0,197,196.00
2023-08-31,LOC-021,205,4,2,1,0,1,205,202.30
2023-08-31,LOC-022,194,2,1,0,1,0,196,193.80
2023-09-30,LOC-001,1464,15,13,2,3,0,1467,1445.20
2023-09-30,LOC-002,901,8,7,1,1,4,898,884.50
2023-09-30,LOC-003,897,11,7,3,3,3,898,882.30
2023-09-30,LOC-004,913,8,8,1,2,4,910,897.90
2023-09-30,LOC-005,406,1,5,2,2,2,400,393.50
2023-09-30,LOC-006,368,5,5,0,1,0,369,362.50
2023-09-30,LOC-007,556,5,3,1,1,0,558,548.30
2023-09-30,LOC-008,312,3,1,1,0,0,313,309.10
2023-09-30,LOC-009,712,10,2,0,0,0,720,706.60
2023-09-30,LOC-010,527,10,4,1,1,0,533,528.10
2023-09-30,LOC-011,287,2,2,1,0,0,286,281.60
2023-09-30,LOC-012,117,0,0,0,0,0,117,114.50
2023-09-30,LOC-013,396,7,3,2,1,0,399,393.90
2023-09-30,LOC-014,395,9,4,0,0,1,399,394.30
2023-09-30,LOC-015,1134,7,8,0,3,5,1131,1116.30
2023-09-30,LOC-016,1124,17,8,0,5,3,1135,1118.30
2023-09-30,LOC-017,411,3,5,1,0,0,408,405.50
2023-09-30,LOC-018,122,2,0,0,0,0,124,122.00
2023-09-30,LOC-019,216,2,2,1,0,1,214,210.30
2023-09-30,LOC-020,197,1,1,0,0,0,197,196.20
2023-09-30,LOC-021,205,3,2,1,0,0,205,202.30
2023-09-30,LOC-022,196,5,6,1,0,0,194,191.80
2023-10-31,LOC-001,1467,12,12,2,0,1,1464,1442.00
2023-10-31,LOC-002,898,13,7,1,2,1,904,890.50
2023-10-31,LOC-003,898,9,8,2,3,0,900,884.80
2023-10-31,LOC-004,910,10,7,2,1,5,907,894.90
2023-10-31,LOC-005,400,5,2,0,1,0,404,397.50
2023-10-31,LOC-006,369,2,2,0,2,0,371,364.30
2023-10-31,LOC-007,558,5,6,2,0,1,554,544.30
2023-10-31,LOC-008,313,1,3,0,0,1,310,306.10
2023-10-31,LOC-009,720,5,8,2,1,1,715,702.30
2023-10-31,LOC-010,533,7,2,0,0,1,537,532.10
2023-10-31,LOC-011,286,1,4,0,0,0,283,278.40
2023-10-31,LOC-012,117,0,1,1,0,0,115,112.50
2023-10-31,LOC-013,399,3,3,1,2,2,398,392.90
2023-10-31,LOC-014,399,8,2,2,2,2,403,398.30
2023-10-31,LOC-015,1131,10,6,2,2,0,1135,1119.90
2023-10-31,LOC-016,1135,17,10,2,0,2,1138,1120.10
2023-10-31,LOC-017,408,7,3,1,1,0,412,408.80
2023-10-31,LOC-018,124,0,1,0,0,0,123,121.00
2023-10-31,LOC-019,214,2,0,0,0,0,216,212.30
2023-10-31,LOC-020,197,0,2,0,0,0,195,194.20
2023-10-31,LOC-021,205,2,3,0,0,0,204,201.10
2023-10-31,LOC-022,194,1,1,1,0,0,193,190.80
2023-11-30,LOC-001,1464,11,11,2,3,4,1461,1437.30
2023-11-30,LOC-002,904,5,2,1,1,4,903,889.10
2023-11-30,LOC-003,900,15,6,2,4,1,910,894.40
2023-11-30,LOC-004,907,5,3,0,2,3,908,895.70
2023-11-30,LOC-005,404,5,4,0,1,0,406,399.50
2023-11-30,LOC-006,371,3,1,3,0,0,370,363.80
2023-11-30,LOC-007,554,5,5,1,0,1,552,541.40
2023-11-30,LOC-008,310,3,2,0,0,0,311,306.40
2023-11-30,LOC-009,715,8,4,3,0,1,715,702.60
2023-11-30,LOC-010,537,7,4,4,0,0,536,530.40
2023-11-30,LOC-011,283,1,3,2,0,0,279,274.40
2023-11-30,LOC-012,115,1,1,0,1,0,116,113.50
2023-11-30,LOC-013,398,4,5,2,0,1,394,388.90
2023-11-30,LOC-014,403,2,2,0,1,0,404,399.30
2023-11-30,LOC-015,1135,15,4,3,1,2,1142,1126.20
2023-11-30,LOC-016,1138,10,4,2,4,1,1145,1126.70
2023-11-30,LOC-017,412,5,2,1,0,0,414,410.30
2023-11-30,LOC-018,123,1,1,0,1,0,124,122.00
2023-11-30,LOC-019,216,2,0,0,0,1,217,213.30
2023-11-30,LOC-020,195,2,1,1,0,0,195,194.20
2023-11-30,LOC-021,204,1,1,0,1,2,203,199.90
2023-11-30,LOC-022,193,2,1,1,2,1,194,192.30
2023-12-31,LOC-001,1461,12,6,2,4,4,1465,1440.40
2023-12-31,LOC-002,903,4,11,1,4,1,898,883.40
2023-12-31,LOC-003,910,12,10,2,1,2,909,892.50
2023-12-31,LOC-004,908,11,8,3,0,1,907,894.90
2023-12-31,LOC-005,406,4,2,0,2,0,410,402.90
2023-12-31,LOC-006,370,3,2,0,2,0,373,366.80
2023-12-31,LOC-007,552,3,3,1,0,0,551,539.90
2023-12-31,LOC-008,311,0,2,0,0,0,309,304.20
2023-12-31,LOC-009,715,10,3,2,1,0,721,707.40
2023-12-31,LOC-010,536,3,5,0,0,1,533,527.40
2023-12-31,LOC-011,279,3,4,1,0,0,277,272.20
2023-12-31,LOC-012,116,0,0,0,0,0,116,113.50
2023-12-31,LOC-013,394,2,0,0,0,2,394,388.20
2023-12-31,LOC-014,404,4,1,1,1,0,407,402.10
2023-12-31,LOC-015,1142,10,11,0,0,5,1136,1120.70
2023-12-31,LOC-016,1145,15,8,3,4,3,1150,1131.50
2023-12-31,LOC-017,414,3,5,1,0,0,411,407.10
2023-12-31,LOC-018,124,1,0,0,0,0,125,123.00
2023-12-31,LOC-019,217,1,1,0,0,0,217,213.30
2023-12-31,LOC-020,195,2,1,0,0,0,196,195.20
2023-12-31,LOC-021,203,1,3,0,0,1,200,196.90
2023-12-31,LOC-022,194,1,2,0,1,0,194,192.30
2024-01-31,LOC-001,1465,10,18,2,1,5,1451,1426.40
2024-01-31,LOC-002,898,3,8,2,3,1,893,878.50
2024-01-31,LOC-003,909,11,7,2,1,2,910,893.50
2024-01-31,LOC-004,907,8,1,0,2,3,913,900.90
2024-01-31,LOC-005,410,1,1,0,1,0,411,403.90
2024-01-31,LOC-006,373,4,1,0,2,0,378,371.80
2024-01-31,LOC-007,551,7,2,0,3,0,559,547.20
2024-01-31,LOC-008,309,2,1,0,0,0,310,305.20
2024-01-31,LOC-009,721,7,2,1,1,3,723,708.90
2024-01-31,LOC-010,533,4,4,0,0,0,533,527.60
2024-01-31,LOC-011,277,4,1,0,0,0,280,275.20
2024-01-31,LOC-012,116,1,2,0,0,0,115,112.50
2024-01-31,LOC-013,394,2,3,2,1,1,391,385.20
2024-01-31,LOC-014,407,5,6,0,1,1,406,400.90
2024-01-31,LOC-015,1136,11,6,2,1,2,1138,1122.50
2024-01-31,LOC-016,1150,17,8,2,4,2,1159,1140.10
2024-01-31,LOC-017,411,4,3,0,1,0,413,409.60
2024-01-31,LOC-018,125,3,1,0,0,0,127,125.00
2024-01-31,LOC-019,217,2,4,1,0,0,214,210.50
2024-01-31,LOC-020,196,1,0,0,0,0,197,196.20
2024-01-31,LOC-021,200,0,2,1,0,1,196,192.90
2024-01-31,LOC-022,194,1,2,0,0,1,192,190.10
2024-02-29,LOC-001,1451,11,8,24,5,2,1433,1408.00
2024-02-29,LOC-002,893,7,4,17,0,3,876,861.70
2024-02-29,LOC-003,910,8,5,11,0,3,899,882.50
2024-02-29,LOC-004,913,6,14,9,3,1,898,885.40
2024-02-29,LOC-005,411,2,3,6,0,0,404,396.90
2024-02-29,LOC-006,378,3,7,5,0,0,369,363.30
2024-02-29,LOC-007,559,3,5,15,0,0,542,530.20
2024-02-29,LOC-008,310,2,3,7,0,1,301,296.20
2024-02-29,LOC-009,723,4,6,17,0,0,704,690.30
2024-02-29,LOC-010,533,2,5,7,0,0,523,517.60
2024-02-29,LOC-011,280,3,5,5,0,1,272,267.20
2024-02-29,LOC-012,115,2,0,4,0,0,113,110.50
2024-02-29,LOC-013,391,2,3,7,3,2,384,378.50
2024-02-29,LOC-014,406,0,3,4,3,2,400,394.70
2024-02-29,LOC-015,1138,12,4,16,1,5,1126,1110.70
2024-02-29,LOC-016,1159,12,5,9,4,0,1161,1141.70
2024-02-29,LOC-017,413,4,4,6,1,0,408,404.60
2024-02-29,LOC-018,127,1,1,8,0,0,119,117.00
2024-02-29,LOC-019,214,0,1,4,0,0,209,205.70
2024-02-29,LOC-020,197,3,0,6,0,0,194,193.00
2024-02-29,LOC-021,196,0,1,7,2,0,190,187.30
2024-02-29,LOC-022,192,4,0,5,0,2,189,186.90
2024-03-31,LOC-001,1433,36,10,1,0,0,1458,1432.00
2024-03-31,LOC-002,876,27,8,2,0,0,893,878.70
2024-03-31,LOC-003,899,16,4,0,0,0,911,894.50
2024-03-31,LOC-004,898,25,5,3,0,0,915,902.40
2024-03-31,LOC-005,404,6,4,2,0,0,404,396.90
2024-03-31,LOC-006,369,14,6,1,0,0,376,370.30
2024-03-31,LOC-007,542,17,3,2,0,0,554,541.70
2024-03-31,LOC-008,301,13,1,1,0,0,312,307.20
2024-03-31,LOC-009,704,14,3,2,0,0,713,699.30
2024-03-31,LOC-010,523,20,6,0,0,0,537,531.40
2024-03-31,LOC-011,272,10,2,1,0,0,279,274.20
2024-03-31,LOC-012,113,2,0,0,0,0,115,112.50
2024-03-31,LOC-013,384,11,1,1,0,0,393,387.50
2024-03-31,LOC-014,400,11,4,0,0,0,407,401.20
2024-03-31,LOC-015,1126,26,10,3,0,0,1139,1123.50
2024-03-31,LOC-016,1161,34,20,1,0,0,1174,1154.40
2024-03-31,LOC-017,408,20,4,0,0,0,424,420.60
2024-03-31,LOC-018,119,4,0,0,0,0,123,121.00
2024-03-31,LOC-019,209,4,2,0,0,0,211,207.70
2024-03-31,LOC-020,194,8,1,1,0,0,200,198.80
2024-03-31,LOC-021,190,5,1,0,0,0,194,191.30
2024-03-31,LOC-022,189,8,4,1,0,0,192,190.10
2024-04-30,LOC-001,1458,15,13,0,3,3,1460,1433.60
2024-04-30,LOC-002,893,6,9,1,1,3,887,872.70
2024-04-30,LOC-003,911,10,10,1,0,2,908,889.90
2024-04-30,LOC-004,915,11,6,0,2,0,922,908.90
2024-04-30,LOC-005,404,7,2,0,0,0,409,401.50
2024-04-30,LOC-006,376,3,4,0,0,0,375,368.80
2024-04-30,LOC-007,554,10,4,3,0,0,557,544.70
2024-04-30,LOC-008,312,0,0,1,0,0,311,306.20
2024-04-30,LOC-009,713,11,1,1,1,0,723,708.60
2024-04-30,LOC-010,537,1,3,0,0,0,535,529.40
2024-04-30,LOC-011,279,2,2,0,0,0,279,274.20
2024-04-30,LOC-012,115,1,0,0,0,0,116,113.50
2024-04-30,LOC-013,393,6,3,0,1,1,396,390.50
2024-04-30,LOC-014,407,1,5,2,2,1,402,396.20
2024-04-30,LOC-015,1139,14,9,0,2,2,1144,1127.60
2024-04-30,LOC-016,1174,15,7,3,3,2,1180,1160.60
2024-04-30,LOC-017,424,2,2,0,0,0,424,420.60
2024-04-30,LOC-018,123,0,1,0,0,0,122,120.00
2024-04-30,LOC-019,211,1,1,0,0,0,211,207.70
2024-04-30,LOC-020,200,1,1,0,0,0,200,198.80
2024-04-30,LOC-021,194,3,3,0,0,1,193,190.30
2024-04-30,LOC-022,192,3,3,1,0,0,191,189.10
2024-05-31,LOC-001,1460,16,12,2,5,3,1464,1438.00
2024-05-31,LOC-002,887,10,8,0,1,0,890,875.20
2024-05-31,LOC-003,908,8,6,2,0,4,904,885.20
2024-05-31,LOC-004,922,8,5,1,1,3,922,909.40
2024-05-31,LOC-005,409,4,6,1,1,1,406,398.70
2024-05-31,LOC-006,375,5,1,1,3,1,380,373.80
2024-05-31,LOC-007,557,1,3,0,0,0,555,543.20
2024-05-31,LOC-008,311,1,2,0,0,0,310,305.20
2024-05-31,LOC-009,723,6,8,1,0,0,720,705.10
2024-05-31,LOC-010,535,3,4,0,1,0,535,529.40
2024-05-31,LOC-011,279,3,5,0,1,0,278,273.40
2024-05-31,LOC-012,116,1,1,0,0,0,116,113.50
2024-05-31,LOC-013,396,5,1,0,0,2,398,392.50
2024-05-31,LOC-014,402,5,3,0,2,0,406,400.70
2024-05-31,LOC-015,1144,6,3,1,3,3,1146,1128.60
2024-05-31,LOC-016,1180,8,3,6,2,2,1179,1159.40
2024-05-31,LOC-017,424,3,2,1,0,0,424,420.60
2024-05-31,LOC-018,122,2,1,0,0,0,123,121.00
2024-05-31,LOC-019,211,3,1,0,0,0,213,209.70
2024-05-31,LOC-020,200,3,2,0,0,0,201,199.80
2024-05-31,LOC-021,193,3,1,0,0,1,194,191.30
2024-05-31,LOC-022,191,0,2,0,0,0,189,187.10
2024-06-30,LOC-001,1464,15,11,3,0,4,1461,1435.30
2024-06-30,LOC-002,890,10,2,1,3,1,899,883.80
2024-06-30,LOC-003,904,8,5,1,2,2,906,887.20
2024-06-30,LOC-004,922,11,10,3,4,1,923,910.70
2024-06-30,LOC-005,406,2,3,1,0,1,403,395.70
2024-06-30,LOC-006,380,3,4,2,0,0,377,370.60
2024-06-30,LOC-007,555,7,6,2,1,1,554,542.00
2024-06-30,LOC-008,310,2,4,0,0,0,308,303.20
2024-06-30,LOC-009,720,7,3,0,0,0,724,708.60
2024-06-30,LOC-010,535,4,2,2,1,0,536,530.40
2024-06-30,LOC-011,278,2,3,0,1,0,278,273.40
2024-06-30,LOC-012,116,2,1,0,0,0,117,114.50
2024-06-30,LOC-013,398,3,2,1,2,0,400,394.50
2024-06-30,LOC-014,406,2,2,0,0,3,403,397.70
2024-06-30,LOC-015,1146,14,8,3,1,2,1148,1130.30
2024-06-30,LOC-016,1179,16,6,1,1,0,1189,1168.90
2024-06-30,LOC-017,424,4,0,1,0,0,427,423.60
2024-06-30,LOC-018,123,0,1,1,0,0,121,119.00
2024-06-30,LOC-019,213,0,1,1,0,0,211,206.80
2024-06-30,LOC-020,201,2,2,1,0,1,199,198.00
2024-06-30,LOC-021,194,2,1,0,0,0,195,192.10
2024-06-30,LOC-022,189,1,0,1,0,0,189,187.10
2024-07-31,LOC-001,1461,25,17,5,1,4,1461,1434.70
2024-07-31,LOC-002,899,12,6,4,5,3,903,888.10
2024-07-31,LOC-003,906,12,5,2,1,1,911,892.50
2024-07-31,LOC-004,923,11,14,2,2,2,918,904.70
2024-07-31,LOC-005,403,4,4,2,1,1,401,394.00
2024-07-31,LOC-006,377,7,2,2,0,0,380,373.60
2024-07-31,LOC-007,554,9,5,1,1,0,558,546.30
2024-07-31,LOC-008,308,6,2,1,0,0,311,305.70
2024-07-31,LOC-009,724,9,4,0,0,1,728,711.80
2024-07-31,LOC-010,536,7,5,3,1,0,536,530.60
2024-07-31,LOC-011,278,6,0,1,0,0,283,278.40
2024-07-31,LOC-012,117,1,3,0,0,0,115,112.70
2024-07-31,LOC-013,400,4,2,1,0,1,400,394.50
2024-07-31,LOC-014,403,7,4,1,1,0,406,400.20
2024-07-31,LOC-015,1148,14,8,2,1,4,1149,1131.00
2024-07-31,LOC-016,1189,22,5,3,4,1,1206,1185.70
2024-07-31,LOC-017,427,6,4,2,0,0,427,423.40
2024-07-31,LOC-018,121,2,1,3,0,0,119,117.00
2024-07-31,LOC-019,211,3,0,1,0,0,213,208.80
2024-07-31,LOC-020,199,0,1,0,0,0,198,197.00
2024-07-31,LOC-021,195,5,2,0,0,0,198,195.10
2024-07-31,LOC-022,189,5,1,1,0,0,192,190.10
2024-08-31,LOC-001,1461,19,8,5,4,2,1469,1441.60
2024-08-31,LOC-002,903,5,6,4,1,2,897,881.80
2024-08-31,LOC-003,911,10,3,1,0,1,916,897.60
2024-08-31,LOC-004,918,13,3,3,1,3,923,909.70
2024-08-31,LOC-005,401,3,4,0,0,2,398,391.00
2024-08-31,LOC-006,380,1,3,0,1,0,379,372.60
2024-08-31,LOC-007,558,8,2,0,0,0,564,551.70
2024-08-31,LOC-008,311,1,2,0,1,0,311,305.70
2024-08-31,LOC-009,728,9,7,0,0,0,730,713.30
2024-08-31,LOC-010,536,9,3,0,0,0,542,536.40
2024-08-31,LOC-011,283,7,1,1,0,1,287,282.40
2024-08-31,LOC-012,115,1,2,0,0,0,114,111.70
2024-08-31,LOC-013,400,6,1,2,1,2,402,396.50
2024-08-31,LOC-014,406,4,2,1,1,1,407,401.20
2024-08-31,LOC-015,1149,12,10,1,4,2,1152,1133.50
2024-08-31,LOC-016,1206,16,9,3,3,2,1211,1190.20
2024-08-31,LOC-017,427,3,1,0,0,0,429,425.20
2024-08-31,LOC-018,119,2,2,0,0,0,119,116.50
2024-08-31,LOC-019,213,6,1,0,0,0,218,213.60
2024-08-31,LOC-020,198,3,0,0,1,0,202,201.00
2024-08-31,LOC-021,198,2,3,1,0,0,196,193.10
2024-08-31,LOC-022,192,1,2,1,0,0,190,188.10
2024-09-30,LOC-001,1469,16,10,2,2,7,1468,1439.60
2024-09-30,LOC-002,897,9,7,2,1,2,896,880.60
2024-09-30,LOC-003,916,14,6,0,6,2,928,908.70
2024-09-30,LOC-004,923,19,11,0,3,1,933,919.10
2024-09-30,LOC-005,398,9,2,0,1,1,405,397.30
2024-09-30,LOC-006,379,7,6,2,1,0,379,372.20
2024-09-30,LOC-007,564,6,10,0,0,0,560,548.00
2024-09-30,LOC-008,311,5,5,0,0,1,310,305.20
2024-09-30,LOC-009,730,5,7,2,0,0,726,709.10
2024-09-30,LOC-010,542,8,3,1,0,0,546,540.20
2024-09-30,LOC-011,287,5,8,1,1,0,284,279.20
2024-09-30,LOC-012,114,2,2,0,0,0,114,111.70
2024-09-30,LOC-013,402,9,1,2,1,1,408,403.20
2024-09-30,LOC-014,407,6,3,3,0,2,405,399.70
2024-09-30,LOC-015,1152,20,6,1,4,5,1164,1145.50
2024-09-30,LOC-016,1211,13,9,5,5,4,1211,1190.20
2024-09-30,LOC-017,429,5,3,0,1,0,432,428.40
2024-09-30,LOC-018,119,5,0,0,0,0,124,121.30
2024-09-30,LOC-019,218,4,1,0,0,0,221,217.10
2024-09-30,LOC-020,202,2,1,0,0,0,203,202.00
2024-09-30,LOC-021,196,1,0,0,0,0,197,194.10
2024-09-30,LOC-022,190,2,3,1,0,0,188,185.60
2024-10-31,LOC-001,1468,21,13,3,3,0,1476,1445.90
2024-10-31,LOC-002,896,11,5,1,0,1,900,885.10
2024-10-31,LOC-003,928,16,4,0,2,3,939,919.70
2024-10-31,LOC-004,933,13,12,1,1,1,933,918.90
2024-10-31,LOC-005,405,3,3,0,0,1,404,396.30
2024-10-31,LOC-006,379,5,4,2,0,0,378,371.20
2024-10-31,LOC-007,560,9,6,3,0,0,560,548.50
2024-10-31,LOC-008,310,5,3,2,0,0,310,305.00
2024-10-31,LOC-009,726,6,6,0,0,0,726,709.10
2024-10-31,LOC-010,546,5,3,2,0,0,546,540.20
2024-10-31,LOC-011,284,3,0,0,0,0,287,282.20
2024-10-31,LOC-012,114,1,0,0,0,0,115,112.70
2024-10-31,LOC-013,408,5,5,0,0,0,408,403.00
2024-10-31,LOC-014,405,3,4,0,0,1,403,397.90
2024-10-31,LOC-015,1164,15,9,2,3,0,1171,1151.90
2024-10-31,LOC-016,1211,14,7,0,0,3,1215,1193.80
2024-10-31,LOC-017,432,9,4,0,0,1,436,432.20
2024-10-31,LOC-018,124,1,0,0,0,0,125,121.90
2024-10-31,LOC-019,221,2,1,0,1,0,223,218.60
2024-10-31,LOC-020,203,2,1,1,1,0,204,202.50
2024-10-31,LOC-021,197,5,1,0,2,0,203,199.90
2024-10-31,LOC-022,188,2,0,0,0,2,188,185.60
2024-11-30,LOC-001,1476,19,12,3,2,5,1477,1446.90
2024-11-30,LOC-002,900,8,13,0,4,0,899,884.60
2024-11-30,LOC-003,939,12,6,2,2,0,945,925.00
2024-11-30,LOC-004,933,11,5,1,3,3,938,922.80
2024-11-30,LOC-005,404,6,1,0,0,3,406,398.30
2024-11-30,LOC-006,378,6,1,0,1,0,384,377.20
2024-11-30,LOC-007,560,5,5,1,0,0,559,547.50
2024-11-30,LOC-008,310,8,3,2,0,1,312,307.00
2024-11-30,LOC-009,726,10,7,3,1,0,727,709.90
2024-11-30,LOC-010,546,1,2,0,0,1,544,538.00
2024-11-30,LOC-011,287,6,2,0,1,0,292,287.40
2024-11-30,LOC-012,115,2,2,0,0,0,115,112.30
2024-11-30,LOC-013,408,2,2,2,1,2,405,400.00
2024-11-30,LOC-014,403,4,6,0,4,2,403,397.40
2024-11-30,LOC-015,1171,15,8,2,3,4,1175,1155.50
2024-11-30,LOC-016,1215,13,6,1,3,2,1222,1200.80
2024-11-30,LOC-017,436,5,1,3,0,1,436,432.00
2024-11-30,LOC-018,125,0,2,0,0,0,123,120.10
2024-11-30,LOC-019,223,5,3,0,0,0,225,220.10
2024-11-30,LOC-020,204,3,0,0,0,1,206,204.30
2024-11-30,LOC-021,203,4,1,1,0,0,205,201.90
2024-11-30,LOC-022,188,2,2,0,0,0,188,185.60
2024-12-31,LOC-001,1477,17,9,1,5,2,1487,1456.70
2024-12-31,LOC-002,899,6,5,1,2,6,895,880.10
2024-12-31,LOC-003,945,11,4,0,1,1,952,932.20
2024-12-31,LOC-004,938,11,3,2,1,3,942,926.30
2024-12-31,LOC-005,406,4,4,1,2,1,406,398.50
2024-12-31,LOC-006,384,2,5,1,0,0,380,373.40
2024-12-31,LOC-007,559,8,2,1,0,1,563,551.30
2024-12-31,LOC-008,312,3,4,1,0,0,310,305.00
2024-12-31,LOC-009,727,6,7,2,0,0,724,706.90
2024-12-31,LOC-010,544,8,6,0,0,0,546,540.20
2024-12-31,LOC-011,292,5,3,1,0,0,293,288.40
2024-12-31,LOC-012,115,2,1,1,0,0,115,112.30
2024-12-31,LOC-013,405,3,6,0,3,1,404,398.60
2024-12-31,LOC-014,403,7,0,0,1,1,410,403.50
2024-12-31,LOC-015,1175,18,9,0,2,2,1184,1164.50
2024-12-31,LOC-016,1222,10,6,5,3,3,1221,1200.20
2024-12-31,LOC-017,436,10,2,0,0,0,444,439.80
2024-12-31,LOC-018,123,1,1,0,0,0,123,120.10
2024-12-31,LOC-019,225,1,2,0,0,0,224,219.10
2024-12-31,LOC-020,206,4,0,1,1,0,210,207.60
2024-12-31,LOC-021,205,3,2,0,1,0,207,203.70
2024-12-31,LOC-022,188,1,2,0,0,1,186,183.60
2025-01-31,LOC-001,1487,22,16,1,2,4,1490,1460.00
2025-01-31,LOC-002,895,15,4,1,1,1,905,889.10
2025-01-31,LOC-003,952,13,3,0,1,1,962,942.70
2025-01-31,LOC-004,942,17,2,0,5,2,960,942.40
2025-01-31,LOC-005,406,9,1,1,0,2,411,403.70
2025-01-31,LOC-006,380,7,2,1,0,0,384,377.40
2025-01-31,LOC-007,563,4,1,1,0,0,565,553.30
2025-01-31,LOC-008,310,6,1,0,0,0,315,310.00
2025-01-31,LOC-009,724,11,5,2,0,0,728,709.30
2025-01-31,LOC-010,546,8,4,1,1,1,549,543.20
2025-01-31,LOC-011,293,6,5,0,0,0,294,289.40
2025-01-31,LOC-012,115,1,2,0,0,0,114,111.30
2025-01-31,LOC-013,404,3,2,1,1,1,404,398.60
2025-01-31,LOC-014,410,7,3,1,1,1,413,406.10
2025-01-31,LOC-015,1184,15,14,2,2,1,1184,1164.30
2025-01-31,LOC-016,1221,10,9,2,1,1,1220,1199.00
2025-01-31,LOC-017,444,2,3,4,0,0,439,433.80
2025-01-31,LOC-018,123,3,2,2,0,0,122,119.60
2025-01-31,LOC-019,224,0,2,0,0,0,222,217.10
2025-01-31,LOC-020,210,1,2,1,0,0,208,205.60
2025-01-31,LOC-021,207,6,0,0,0,0,213,209.70
2025-01-31,LOC-022,186,3,3,0,0,0,186,183.60
2025-02-28,LOC-001,1490,18,19,1,3,4,1487,1457.30
2025-02-28,LOC-002,905,19,5,1,1,2,917,900.70
2025-02-28,LOC-003,962,13,10,1,2,3,963,944.40
2025-02-28,LOC-004,960,12,11,0,2,1,962,944.00
2025-02-28,LOC-005,411,4,2,1,2,0,414,406.70
2025-02-28,LOC-006,384,2,4,1,0,0,381,374.40
2025-02-28,LOC-007,565,5,4,1,0,0,565,553.30
2025-02-28,LOC-008,315,1,2,1,0,0,313,308.00
2025-02-28,LOC-009,728,9,7,1,0,0,729,709.90
2025-02-28,LOC-010,549,8,2,1,1,0,555,549.40
2025-02-28,LOC-011,294,6,2,1,0,0,297,292.40
2025-02-28,LOC-012,114,2,0,0,0,0,116,113.30
2025-02-28,LOC-013,404,3,4,0,1,1,403,398.30
2025-02-28,LOC-014,413,6,2,1,0,1,415,408.30
2025-02-28,LOC-015,1184,17,8,3,3,3,1190,1169.70
2025-02-28,LOC-016,1220,13,7,3,2,2,1223,1201.80
2025-02-28,LOC-017,439,6,1,0,0,0,444,438.80
2025-02-28,LOC-018,122,2,1,1,0,0,122,119.60
2025-02-28,LOC-019,222,1,2,0,0,0,221,215.60
2025-02-28,LOC-020,208,2,2,0,0,0,208,205.60
2025-02-28,LOC-021,213,2,2,0,0,0,213,209.70
2025-02-28,LOC-022,186,4,3,1,0,0,186,183.60
2025-03-31,LOC-001,1487,20,15,3,0,0,1489,1459.30
2025-03-31,LOC-002,917,20,7,1,0,0,929,912.70
2025-03-31,LOC-003,963,14,4,2,0,0,971,951.70
2025-03-31,LOC-004,962,14,5,4,0,0,967,949.20
2025-03-31,LOC-005,414,4,1,1,0,0,416,408.70
2025-03-31,LOC-006,381,4,0,0,0,0,385,378.40
2025-03-31,LOC-007,565,8,5,1,0,0,567,556.00
2025-03-31,LOC-008,313,2,2,2,0,0,311,306.50
2025-03-31,LOC-009,729,10,5,1,0,0,733,713.90
2025-03-31,LOC-010,555,2,4,1,0,0,552,546.60
2025-03-31,LOC-011,297,4,1,0,0,0,300,295.20
2025-03-31,LOC-012,116,2,1,0,0,0,117,114.30
2025-03-31,LOC-013,403,4,3,1,0,0,403,398.30
2025-03-31,LOC-014,415,6,3,2,0,0,416,409.30
2025-03-31,LOC-015,1190,18,9,3,0,0,1196,1175.70
2025-03-31,LOC-016,1223,14,8,4,0,0,1225,1204.00
2025-03-31,LOC-017,444,3,4,3,0,0,440,435.00
2025-03-31,LOC-018,122,1,0,0,0,0,123,120.60
2025-03-31,LOC-019,221,2,0,2,0,0,221,215.90
2025-03-31,LOC-020,208,3,2,0,0,0,209,206.60
2025-03-31,LOC-021,213,1,3,1,0,0,210,206.70
2025-03-31,LOC-022,186,3,4,0,0,0,185,182.80
2025-04-30,LOC-001,1489,22,12,4,6,4,1497,1467.10
2025-04-30,LOC-002,929,12,6,1,2,2,934,917.90
2025-04-30,LOC-003,971,12,7,2,3,1,976,956.70
2025-04-30,LOC-004,967,16,6,0,2,2,977,959.80
2025-04-30,LOC-005,416,5,5,0,0,2,414,406.90
2025-04-30,LOC-006,385,7,3,0,0,0,389,382.40
2025-04-30,LOC-007,567,10,5,1,0,0,571,559.80
2025-04-30,LOC-008,311,6,3,0,0,0,314,309.10
2025-04-30,LOC-009,733,10,5,3,1,0,736,715.80
2025-04-30,LOC-010,552,4,4,1,0,1,550,543.60
2025-04-30,LOC-011,300,3,2,3,0,0,298,293.20
2025-04-30,LOC-012,117,1,1,0,0,0,117,114.30
2025-04-30,LOC-013,403,6,0,1,0,0,408,403.10
2025-04-30,LOC-014,416,5,1,1,0,0,419,412.10
2025-04-30,LOC-015,1196,17,11,2,3,2,1201,1180.50
2025-04-30,LOC-016,1225,19,9,4,1,3,1229,1207.50
2025-04-30,LOC-017,440,6,6,3,0,0,437,431.80
2025-04-30,LOC-018,123,1,0,0,1,1,124,121.60
2025-04-30,LOC-019,221,1,0,0,0,2,220,214.90
2025-04-30,LOC-020,209,2,4,0,1,0,208,205.40
2025-04-30,LOC-021,210,3,3,1,1,0,210,206.90
2025-04-30,LOC-022,185,2,2,1,0,1,183,180.80
2025-05-31,LOC-001,1497,19,9,1,1,6,1501,1470.90
2025-05-31,LOC-002,934,12,7,1,6,1,943,926.00
2025-05-31,LOC-003,976,6,13,1,2,1,969,949.40
2025-05-31,LOC-004,977,20,3,1,1,3,991,972.60
2025-05-31,LOC-005,414,7,4,1,2,0,418,410.70
2025-05-31,LOC-006,389,2,1,0,0,0,390,383.40
2025-05-31,LOC-007,571,4,3,3,1,0,570,559.00
2025-05-31,LOC-008,314,3,4,1,0,1,311,306.50
2025-05-31,LOC-009,736,11,7,1,0,0,739,718.60
2025-05-31,LOC-010,550,4,1,1,0,0,552,545.60
2025-05-31,LOC-011,298,4,2,0,1,1,300,294.90
2025-05-31,LOC-012,117,2,1,0,0,0,118,115.30
2025-05-31,LOC-013,408,7,0,0,1,0,416,410.60
2025-05-31,LOC-014,419,7,3,0,0,1,422,415.10
2025-05-31,LOC-015,1201,13,9,2,2,7,1198,1177.50
2025-05-31,LOC-016,1229,17,13,1,6,2,1236,1214.30
2025-05-31,LOC-017,437,4,4,0,0,0,437,431.80
2025-05-31,LOC-018,124,2,0,0,0,0,126,123.60
2025-05-31,LOC-019,220,1,1,0,0,0,220,214.90
2025-05-31,LOC-020,208,4,1,0,0,0,211,208.40
2025-05-31,LOC-021,210,3,1,0,1,0,213,209.90
2025-05-31,LOC-022,183,0,4,1,0,1,177,174.60
2025-06-30,LOC-001,1501,37,9,4,3,2,1526,1495.10
2025-06-30,LOC-002,943,16,8,1,0,3,947,929.30
2025-06-30,LOC-003,969,17,6,2,3,1,980,960.00
2025-06-30,LOC-004,991,10,9,0,1,2,991,972.60
2025-06-30,LOC-005,418,2,4,4,0,1,411,403.90
2025-06-30,LOC-006,390,3,4,1,0,1,387,380.40
2025-06-30,LOC-007,570,7,2,1,0,0,574,563.20
2025-06-30,LOC-008,311,5,2,0,0,0,314,309.30
2025-06-30,LOC-009,739,12,10,1,0,0,740,719.20
2025-06-30,LOC-010,552,9,4,1,1,1,556,548.40
2025-06-30,LOC-011,300,4,1,0,0,0,303,298.10
2025-06-30,LOC-012,118,1,0,0,0,0,119,116.30
2025-06-30,LOC-013,416,6,5,0,3,0,420,414.60
2025-06-30,LOC-014,422,0,3,2,0,2,415,408.10
2025-06-30,LOC-015,1198,14,12,4,5,2,1199,1177.60
2025-06-30,LOC-016,1236,17,12,4,2,4,1235,1213.30
2025-06-30,LOC-017,437,3,2,2,0,0,436,430.60
2025-06-30,LOC-018,126,3,1,0,0,0,128,125.60
2025-06-30,LOC-019,220,0,1,0,0,0,219,213.90
2025-06-30,LOC-020,211,2,1,0,1,0,213,210.90
2025-06-30,LOC-021,213,5,1,1,0,3,213,209.90
2025-06-30,LOC-022,177,4,0,0,3,0,184,181.40
2025-07-31,LOC-001,1526,27,11,1,4,3,1542,1511.30
2025-07-31,LOC-002,947,15,5,0,1,4,954,936.30
2025-07-31,LOC-003,980,20,11,3,3,2,987,967.00
2025-07-31,LOC-004,991,18,7,3,1,1,999,980.00
2025-07-31,LOC-005,411,5,4,1,1,0,412,404.90
2025-07-31,LOC-006,387,6,5,0,0,0,388,381.00
2025-07-31,LOC-007,574,8,3,0,0,0,579,568.70
2025-07-31,LOC-008,314,4,3,1,0,0,314,309.30
2025-07-31,LOC-009,740,4,9,1,1,0,735,713.80
2025-07-31,LOC-010,556,7,2,1,0,0,560,552.00
2025-07-31,LOC-011,303,3,3,0,0,0,303,298.10
2025-07-31,LOC-012,119,1,1,0,0,0,119,116.30
2025-07-31,LOC-013,420,6,5,2,2,2,419,413.80
2025-07-31,LOC-014,415,5,5,1,1,2,413,406.30
2025-07-31,LOC-015,1199,24,12,3,6,2,1212,1190.00
2025-07-31,LOC-016,1235,16,6,2,2,6,1239,1216.50
2025-07-31,LOC-017,436,8,6,2,0,0,436,430.60
2025-07-31,LOC-018,128,0,1,0,0,1,126,123.60
2025-07-31,LOC-019,219,5,0,1,0,0,223,217.90
2025-07-31,LOC-020,213,4,3,0,0,0,214,211.90
2025-07-31,LOC-021,213,1,2,1,1,0,212,208.90
2025-07-31,LOC-022,184,3,1,0,0,0,186,183.20
2025-08-31,LOC-001,1542,20,13,2,3,3,1547,1515.80
2025-08-31,LOC-002,954,16,10,2,1,6,953,935.30
2025-08-31,LOC-003,987,20,11,2,1,2,993,973.00
2025-08-31,LOC-004,999,14,11,4,2,2,998,979.00
2025-08-31,LOC-005,412,5,3,0,2,0,416,408.70
2025-08-31,LOC-006,388,6,5,0,2,0,391,383.80
2025-08-31,LOC-007,579,5,3,0,0,3,578,567.70
2025-08-31,LOC-008,314,3,3,0,0,1,313,308.30
2025-08-31,LOC-009,735,10,9,1,1,0,736,715.30
2025-08-31,LOC-010,560,10,6,2,0,0,562,553.70
2025-08-31,LOC-011,303,5,3,0,1,0,306,300.90
2025-08-31,LOC-012,119,3,1,0,0,0,121,118.30
2025-08-31,LOC-013,419,5,6,0,0,0,418,412.80
2025-08-31,LOC-014,413,9,2,0,0,0,420,413.30
2025-08-31,LOC-015,1212,23,11,3,4,5,1220,1197.60
2025-08-31,LOC-016,1239,17,10,5,4,1,1244,1221.30
2025-08-31,LOC-017,436,0,8,0,0,0,428,422.40
2025-08-31,LOC-018,126,2,1,0,0,0,127,124.60
2025-08-31,LOC-019,223,7,3,0,1,0,228,222.90
2025-08-31,LOC-020,214,3,2,0,0,0,215,212.90
2025-08-31,LOC-021,212,6,0,0,1,0,219,215.90
2025-08-31,LOC-022,186,2,0,0,0,0,188,185.00
2025-09-30,LOC-001,1547,25,18,3,2,1,1552,1520.50
2025-09-30,LOC-002,953,18,11,2,2,1,959,940.90
2025-09-30,LOC-003,993,12,4,3,3,5,996,974.80
2025-09-30,LOC-004,998,10,8,2,2,2,998,978.90
2025-09-30,LOC-005,416,4,4,1,1,0,416,408.70
2025-09-30,LOC-006,391,6,6,0,0,0,391,383.60
2025-09-30,LOC-007,578,7,4,1,0,0,580,569.30
2025-09-30,LOC-008,313,3,1,0,0,0,315,310.30
2025-09-30,LOC-009,736,13,8,2,1,3,737,715.60
2025-09-30,LOC-010,562,5,5,2,1,0,561,552.70
2025-09-30,LOC-011,306,3,1,0,0,0,308,302.90
2025-09-30,LOC-012,121,0,2,1,0,0,118,115.50
2025-09-30,LOC-013,418,11,3,0,1,0,427,421.40
2025-09-30,LOC-014,420,5,2,0,0,2,421,414.00
2025-09-30,LOC-015,1220,27,9,1,3,4,1236,1213.00
2025-09-30,LOC-016,1244,20,13,4,3,2,1248,1226.00
2025-09-30,LOC-017,428,4,7,2,1,0,424,418.40
2025-09-30,LOC-018,127,4,2,0,0,0,129,125.90
2025-09-30,LOC-019,228,5,3,1,0,0,229,223.70
2025-09-30,LOC-020,215,2,2,0,0,0,215,212.90
2025-09-30,LOC-021,219,1,2,0,0,0,218,214.40
2025-09-30,LOC-022,188,3,1,0,0,0,190,187.00
2025-10-31,LOC-001,1552,37,18,7,5,2,1567,1534.80
2025-10-31,LOC-002,959,16,12,4,2,3,958,939.70
2025-10-31,LOC-003,996,16,13,3,1,2,995,973.80
2025-10-31,LOC-004,998,16,6,3,1,0,1006,986.90
2025-10-31,LOC-005,416,5,5,0,0,2,414,406.30
2025-10-31,LOC-006,391,6,1,1,0,0,395,386.90
2025-10-31,LOC-007,580,9,8,1,0,0,580,569.30
2025-10-31,LOC-008,315,7,1,1,0,0,320,315.30
2025-10-31,LOC-009,737,11,7,0,0,0,741,719.60
2025-10-31,LOC-010,561,10,6,4,0,0,561,552.70
2025-10-31,LOC-011,308,4,4,0,1,0,309,303.40
2025-10-31,LOC-012,118,3,0,0,0,0,121,118.50
2025-10-31,LOC-013,427,5,2,0,3,3,430,423.70
2025-10-31,LOC-014,421,10,2,2,3,3,427,420.20
2025-10-31,LOC-015,1236,25,12,3,1,6,1241,1218.00
2025-10-31,LOC-016,1248,24,12,2,6,2,1262,1239.10
2025-10-31,LOC-017,424,5,4,0,0,0,425,419.20
2025-10-31,LOC-018,129,4,1,0,0,0,132,128.90
2025-10-31,LOC-019,229,4,6,0,0,0,227,221.40
2025-10-31,LOC-020,215,3,3,0,0,0,215,212.90
2025-10-31,LOC-021,218,0,1,0,0,0,217,213.40
2025-10-31,LOC-022,190,5,1,0,0,0,194,191.00
2025-11-30,LOC-001,1567,17,14,5,2,5,1562,1529.10
2025-11-30,LOC-002,958,8,6,6,2,2,954,935.70
2025-11-30,LOC-003,995,9,1,0,1,2,1002,980.60
2025-11-30,LOC-004,1006,11,10,1,2,2,1006,985.80
2025-11-30,LOC-005,414,6,2,0,4,1,421,413.60
2025-11-30,LOC-006,395,7,2,1,0,1,398,390.20
2025-11-30,LOC-007,580,9,6,2,1,0,582,571.30
2025-11-30,LOC-008,320,0,2,0,0,0,318,313.80
2025-11-30,LOC-009,741,9,4,2,1,0,745,723.40
2025-11-30,LOC-010,561,11,2,0,0,1,569,560.70
2025-11-30,LOC-011,309,3,0,0,0,0,312,306.20
2025-11-30,LOC-012,121,4,0,1,0,0,124,121.50
2025-11-30,LOC-013,430,7,3,0,2,2,434,427.70
2025-11-30,LOC-014,427,3,7,1,1,2,421,414.40
2025-11-30,LOC-015,1241,17,12,3,5,1,1247,1223.80
2025-11-30,LOC-016,1262,20,7,3,1,3,1270,1247.60
2025-11-30,LOC-017,425,16,4,2,0,0,435,429.20
2025-11-30,LOC-018,132,0,0,0,0,0,132,128.90
2025-11-30,LOC-019,227,3,1,1,0,0,228,222.40
2025-11-30,LOC-020,215,3,2,1,0,0,215,212.90
2025-11-30,LOC-021,217,3,2,0,0,0,218,213.90
2025-11-30,LOC-022,194,1,3,0,0,0,192,189.00
2025-12-31,LOC-001,1562,24,12,0,4,5,1573,1539.40
2025-12-31,LOC-002,954,11,11,1,3,4,952,932.50
2025-12-31,LOC-003,1002,17,9,2,4,1,1011,989.10
2025-12-31,LOC-004,1006,14,6,2,2,1,1013,992.30
2025-12-31,LOC-005,421,2,1,1,0,2,419,411.60
2025-12-31,LOC-006,398,11,5,2,0,0,402,394.20
2025-12-31,LOC-007,582,9,9,0,0,0,582,570.60
2025-12-31,LOC-008,318,4,2,0,0,0,320,315.80
2025-12-31,LOC-009,745,11,4,3,0,0,749,727.20
2025-12-31,LOC-010,569,5,4,0,1,0,571,562.30
2025-12-31,LOC-011,312,10,3,0,0,0,319,313.00
2025-12-31,LOC-012,124,1,1,0,0,0,124,121.70
2025-12-31,LOC-013,434,6,3,2,1,0,436,429.90
2025-12-31,LOC-014,421,5,1,1,2,1,425,418.40
2025-12-31,LOC-015,1247,29,12,1,3,4,1262,1238.40
2025-12-31,LOC-016,1270,20,15,3,2,3,1271,1249.00
2025-12-31,LOC-017,435,11,6,1,0,0,439,433.20
2025-12-31,LOC-018,132,3,2,0,1,1,133,129.90
2025-12-31,LOC-019,228,1,3,0,0,0,226,220.20
2025-12-31,LOC-020,215,3,0,0,0,0,218,215.90
2025-12-31,LOC-021,218,3,3,0,0,1,217,212.40
2025-12-31,LOC-022,192,2,2,1,0,0,191,187.80
2026-01-31,LOC-001,1573,20,15,4,3,3,1574,1539.60
2026-01-31,LOC-002,952,13,4,1,3,4,959,939.30
2026-01-31,LOC-003,1011,13,14,1,1,2,1008,985.40
2026-01-31,LOC-004,1013,14,6,4,2,3,1016,995.50
2026-01-31,LOC-005,419,4,5,1,3,0,420,412.60
2026-01-31,LOC-006,402,7,6,0,1,0,404,396.20
2026-01-31,LOC-007,582,8,7,3,0,0,580,568.40
2026-01-31,LOC-008,320,3,4,0,0,0,319,314.30
2026-01-31,LOC-009,749,11,5,2,2,1,754,731.70
2026-01-31,LOC-010,571,6,8,1,0,0,568,559.30
2026-01-31,LOC-011,319,4,0,1,0,0,322,316.00
2026-01-31,LOC-012,124,7,0,0,1,0,132,129.50
2026-01-31,LOC-013,436,6,2,2,0,1,437,430.50
2026-01-31,LOC-014,425,11,3,0,3,0,436,429.40
2026-01-31,LOC-015,1262,14,10,2,3,5,1262,1238.90
2026-01-31,LOC-016,1271,28,10,4,3,4,1284,1260.00
2026-01-31,LOC-017,439,5,3,0,0,1,440,434.00
2026-01-31,LOC-018,133,2,0,0,0,0,135,131.90
2026-01-31,LOC-019,226,0,2,1,0,0,223,217.20
2026-01-31,LOC-020,218,4,2,0,0,0,220,217.90
2026-01-31,LOC-021,217,2,2,0,3,0,220,215.40
2026-01-31,LOC-022,191,5,0,0,0,4,192,188.80
2026-02-28,LOC-001,1574,26,14,1,0,6,1579,1543.70
2026-02-28,LOC-002,959,14,9,2,6,2,966,946.30
2026-02-28,LOC-003,1008,11,6,2,0,5,1006,983.60
2026-02-28,LOC-004,1016,12,6,0,2,0,1024,1003.50
2026-02-28,LOC-005,420,4,6,2,1,1,416,408.60
2026-02-28,LOC-006,404,8,2,0,1,0,411,403.20
2026-02-28,LOC-007,580,9,6,2,1,0,582,569.90
2026-02-28,LOC-008,319,3,4,1,0,0,317,312.50
2026-02-28,LOC-009,754,10,9,3,1,0,753,730.70
2026-02-28,LOC-010,568,6,3,0,0,0,571,562.10
2026-02-28,LOC-011,322,6,3,0,1,0,326,319.80
2026-02-28,LOC-012,132,0,0,0,0,0,132,129.50
2026-02-28,LOC-013,437,3,4,1,1,0,436,429.10
2026-02-28,LOC-014,436,6,4,0,0,0,438,431.40
2026-02-28,LOC-015,1262,26,11,3,3,5,1272,1248.90
2026-02-28,LOC-016,1284,20,7,5,5,5,1292,1267.50
2026-02-28,LOC-017,440,7,5,0,0,0,442,435.80
2026-02-28,LOC-018,135,1,1,0,0,0,135,131.90
2026-02-28,LOC-019,223,6,1,0,0,0,228,222.00
2026-02-28,LOC-020,220,3,0,2,1,0,222,219.90
2026-02-28,LOC-021,220,5,5,1,1,0,220,215.20
2026-02-28,LOC-022,192,1,1,0,0,0,192,189.00
2026-03-31,LOC-001,1579,29,12,3,0,0,1593,1557.70
2026-03-31,LOC-002,966,14,9,2,0,0,969,949.70
2026-03-31,LOC-003,1006,15,8,1,0,0,1012,989.00
2026-03-31,LOC-004,1024,8,12,3,0,0,1017,996.80
2026-03-31,LOC-005,416,8,3,0,0,0,421,413.10
2026-03-31,LOC-006,411,6,7,1,0,0,409,401.90
2026-03-31,LOC-007,582,11,4,1,0,0,588,575.90
2026-03-31,LOC-008,317,8,5,0,0,0,320,316.00
2026-03-31,LOC-009,753,11,2,4,0,0,758,736.40
2026-03-31,LOC-010,571,12,5,1,0,0,577,568.10
2026-03-31,LOC-011,326,3,6,0,0,0,323,316.80
2026-03-31,LOC-012,132,0,1,0,0,0,131,128.50
2026-03-31,LOC-013,436,5,1,1,0,0,439,431.90
2026-03-31,LOC-014,438,2,6,0,0,0,434,427.90
2026-03-31,LOC-015,1272,19,10,2,0,0,1279,1256.40
2026-03-31,LOC-016,1292,21,16,2,0,0,1295,1270.30
2026-03-31,LOC-017,442,10,0,0,0,0,452,445.80
2026-03-31,LOC-018,135,5,4,0,0,0,136,132.90
2026-03-31,LOC-019,228,4,1,1,0,0,230,224.20
2026-03-31,LOC-020,222,0,3,0,0,0,219,216.90
2026-03-31,LOC-021,220,5,0,1,0,0,224,219.00
2026-03-31,LOC-022,192,3,2,0,0,0,193,190.00
2026-04-30,LOC-001,1593,31,15,4,2,5,1602,1567.20
2026-04-30,LOC-002,969,17,11,5,3,0,973,951.30
2026-04-30,LOC-003,1012,11,11,3,2,1,1010,987.90
2026-04-30,LOC-004,1017,19,11,2,4,2,1025,1004.60
2026-04-30,LOC-005,421,9,0,1,0,2,427,419.10
2026-04-30,LOC-006,409,7,4,1,0,0,411,403.90
2026-04-30,LOC-007,588,7,2,2,1,0,592,579.90
2026-04-30,LOC-008,320,6,6,0,0,0,320,316.20
2026-04-30,LOC-009,758,13,6,2,0,0,763,741.40
2026-04-30,LOC-010,577,9,7,1,0,1,577,568.30
2026-04-30,LOC-011,323,6,3,1,0,1,324,317.60
2026-04-30,LOC-012,131,2,0,1,0,0,132,129.50
2026-04-30,LOC-013,439,5,1,3,1,1,440,432.90
2026-04-30,LOC-014,434,5,5,0,2,1,435,428.90
2026-04-30,LOC-015,1279,28,13,4,2,5,1287,1264.90
2026-04-30,LOC-016,1295,24,15,0,5,1,1308,1282.40
2026-04-30,LOC-017,452,6,6,1,0,2,449,442.40
2026-04-30,LOC-018,136,2,2,0,0,0,136,132.90
2026-04-30,LOC-019,230,2,1,1,0,0,230,224.20
2026-04-30,LOC-020,219,4,2,1,0,0,220,217.90
2026-04-30,LOC-021,224,3,1,0,0,1,225,219.80
2026-04-30,LOC-022,193,2,2,0,1,0,194,191.00
2026-05-31,LOC-001,1602,24,12,3,1,3,1609,1573.70
2026-05-31,LOC-002,973,17,3,1,1,1,986,964.50
2026-05-31,LOC-003,1010,14,11,0,4,3,1014,991.50
2026-05-31,LOC-004,1025,16,5,2,2,1,1035,1014.20
2026-05-31,LOC-005,427,5,2,2,1,1,428,420.10
2026-05-31,LOC-006,411,9,4,1,0,0,415,407.70
2026-05-31,LOC-007,592,13,5,1,0,0,599,586.70
2026-05-31,LOC-008,320,3,2,1,0,0,320,316.00
2026-05-31,LOC-009,763,11,6,3,0,0,765,743.40
2026-05-31,LOC-010,577,9,4,2,1,0,581,571.80
2026-05-31,LOC-011,324,6,2,0,0,0,328,321.60
2026-05-31,LOC-012,132,2,0,0,0,0,134,131.50
2026-05-31,LOC-013,440,6,0,1,0,1,444,436.40
2026-05-31,LOC-014,435,8,5,4,0,0,434,427.90
2026-05-31,LOC-015,1287,15,10,2,2,3,1289,1265.30
2026-05-31,LOC-016,1308,16,12,4,4,2,1310,1285.80
2026-05-31,LOC-017,449,6,4,5,0,0,446,439.20
2026-05-31,LOC-018,136,2,0,1,0,0,137,134.10
2026-05-31,LOC-019,230,5,4,0,0,0,231,225.40
2026-05-31,LOC-020,220,1,4,1,0,0,216,213.90
2026-05-31,LOC-021,225,4,2,2,0,1,224,218.80
2026-05-31,LOC-022,194,2,2,1,0,0,193,189.80
2026-06-30,LOC-001,1609,30,11,4,5,2,1627,1591.70
2026-06-30,LOC-002,986,18,17,2,1,1,985,963.80
2026-06-30,LOC-003,1014,12,7,3,2,2,1016,993.50
2026-06-30,LOC-004,1035,13,9,2,1,2,1036,1014.70
2026-06-30,LOC-005,428,4,5,2,0,1,424,416.30
2026-06-30,LOC-006,415,8,5,2,0,0,416,408.40
2026-06-30,LOC-007,599,4,5,0,0,0,598,585.70
2026-06-30,LOC-008,320,2,3,1,0,0,318,314.00
2026-06-30,LOC-009,765,16,3,1,1,0,778,756.50
2026-06-30,LOC-010,581,5,4,2,0,0,580,570.80
2026-06-30,LOC-011,328,5,1,0,0,0,332,325.40
2026-06-30,LOC-012,134,2,4,0,0,0,132,129.50
2026-06-30,LOC-013,444,6,8,1,0,1,440,432.20
2026-06-30,LOC-014,434,5,1,3,0,1,434,427.70
2026-06-30,LOC-015,1289,23,11,2,1,5,1295,1270.90
2026-06-30,LOC-016,1310,27,9,2,5,1,1330,1305.20
2026-06-30,LOC-017,446,7,5,0,0,0,448,441.20
2026-06-30,LOC-018,137,2,3,0,0,0,136,133.30
2026-06-30,LOC-019,231,4,1,0,0,0,234,228.20
2026-06-30,LOC-020,216,8,0,0,0,0,224,221.40
2026-06-30,LOC-021,224,2,0,0,0,0,226,220.80
2026-06-30,LOC-022,193,3,3,1,0,0,192,188.80
