grade,level_code,grade_level,career_track,us_base_salary_usd
1,L1,Associate,Individual Contributor,65000.00
2,L2,Professional,Individual Contributor,82000.00
3,L3,Senior,Individual Contributor,102000.00
4,L4,Lead,Individual Contributor,125000.00
5,L5,Staff / Manager,IC or People Manager,150000.00
6,L6,Principal / Senior Manager,IC or People Manager,180000.00
7,L7,Director,People Leader,220000.00
8,L8,Senior Director,People Leader,265000.00
9,L9,Vice President,People Leader,320000.00
10,L10,Senior Vice President,Executive,400000.00
11,L11,Executive Vice President,Executive,480000.00
12,L12,Chief Executive Officer,Executive,650000.00
