department_id,department_name,sub_function,function,cost_center,effective_from_date
D-101,Core Platform Engineering,Engineering,Technology,CC-1010,2015-01-01
D-102,Product Engineering,Engineering,Technology,CC-1020,2015-01-01
D-103,Mobile & Web Engineering,Engineering,Technology,CC-1030,2015-01-01
D-104,Analytics Engineering,Engineering,Technology,CC-1040,2015-01-01
D-105,Site Reliability,Infrastructure,Technology,CC-1050,2015-01-01
D-106,Information Security,Infrastructure,Technology,CC-1060,2015-01-01
D-107,Enterprise IT,Infrastructure,Technology,CC-1070,2015-01-01
D-108,Data & AI Platform,Engineering,Technology,CC-1080,2024-11-01
D-201,Product Management,Product,Product,CC-2010,2015-01-01
D-202,Design & Research,Product,Product,CC-2020,2015-01-01
D-301,Enterprise Sales - Americas,Sales,Commercial,CC-3010,2015-01-01
D-302,Enterprise Sales - EMEA,Sales,Commercial,CC-3020,2015-01-01
D-303,Enterprise Sales - APAC,Sales,Commercial,CC-3030,2015-01-01
D-304,Sales Operations,Sales,Commercial,CC-3040,2015-01-01
D-305,Client Success,Client Services,Commercial,CC-3050,2015-01-01
D-306,Technical Support,Client Services,Commercial,CC-3060,2015-01-01
D-307,Partnerships,Sales,Commercial,CC-3070,2015-01-01
D-401,Brand & Communications,Marketing,Marketing,CC-4010,2015-01-01
D-402,Growth Marketing,Marketing,Marketing,CC-4020,2015-01-01
D-501,FP&A,Finance,Corporate,CC-5010,2015-01-01
D-502,Accounting & Controllership,Finance,Corporate,CC-5020,2015-01-01
D-503,Treasury & Tax,Finance,Corporate,CC-5030,2015-01-01
D-601,HR Business Partners,People,Corporate,CC-6010,2015-01-01
D-602,Talent Acquisition,People,Corporate,CC-6020,2015-01-01
D-603,Total Rewards,People,Corporate,CC-6030,2015-01-01
D-604,People Analytics,People,Corporate,CC-6040,2015-01-01
D-701,Legal,Legal & Compliance,Corporate,CC-7010,2015-01-01
D-702,Compliance & Risk,Legal & Compliance,Corporate,CC-7020,2015-01-01
D-801,Customer Operations,Operations,Operations,CC-8010,2015-01-01
D-802,Trust & Safety Operations,Operations,Operations,CC-8020,2015-01-01
D-803,Workplace & Procurement,Operations,Operations,CC-8030,2015-01-01
D-901,Office of the CEO,Executive,Executive,CC-9010,2015-01-01
