job_level,country_code,currency_code,base_salary_local,base_salary_usd_at_reference,fx_reference_date
1,AE,AED,186200.0,50701.16,2022-06-30
1,AU,AUD,79400.0,54621.35,2022-06-30
1,BR,BRL,122200.0,23406.14,2022-06-30
1,CA,CAD,65500.0,50677.73,2022-06-30
1,CH,CHF,69800.0,72792.43,2022-06-30
1,DE,EUR,53800.0,55882.06,2022-06-30
1,ES,EUR,37500.0,38951.25,2022-06-30
1,FR,EUR,48800.0,50688.56,2022-06-30
1,GB,GBP,45100.0,54585.61,2022-06-30
1,IE,EUR,51300.0,53285.31,2022-06-30
1,IN,INR,1387400.0,17550.11,2022-06-30
1,JP,JPY,5845800.0,42899.75,2022-06-30
1,KR,KRW,52439800.0,40299.99,2022-06-30
1,MX,MXN,446000.0,22097.79,2022-06-30
1,NL,EUR,52600.0,54635.62,2022-06-30
1,PH,PHP,929800.0,16899.1,2022-06-30
1,PL,PLN,135000.0,29896.06,2022-06-30
1,PT,EUR,31300.0,32511.31,2022-06-30
1,SE,SEK,510300.0,49398.75,2022-06-30
1,SG,SGD,77900.0,55868.76,2022-06-30
1,US,USD,65000.0,65000.0,2022-06-30
1,ZA,ZAR,383300.0,23399.95,2022-06-30
2,AE,AED,234900.0,63961.88,2022-06-30
2,AU,AUD,100100.0,68861.43,2022-06-30
2,BR,BRL,154100.0,29516.25,2022-06-30
2,CA,CAD,82700.0,63985.47,2022-06-30
2,CH,CHF,88100.0,91876.98,2022-06-30
2,DE,EUR,67900.0,70527.73,2022-06-30
2,ES,EUR,47400.0,49234.38,2022-06-30
2,FR,EUR,61600.0,63983.92,2022-06-30
2,GB,GBP,56900.0,68867.43,2022-06-30
2,IE,EUR,64700.0,67203.89,2022-06-30
2,IN,INR,1750200.0,22139.4,2022-06-30
2,JP,JPY,7374700.0,54119.68,2022-06-30
2,KR,KRW,66154800.0,50839.96,2022-06-30
2,MX,MXN,562700.0,27879.88,2022-06-30
2,NL,EUR,66300.0,68865.81,2022-06-30
2,PH,PHP,1173000.0,21319.25,2022-06-30
2,PL,PLN,170300.0,37713.33,2022-06-30
2,PT,EUR,39500.0,41028.65,2022-06-30
2,SE,SEK,643800.0,62322.0,2022-06-30
2,SG,SGD,98300.0,70499.35,2022-06-30
2,US,USD,82000.0,82000.0,2022-06-30
2,ZA,ZAR,483500.0,29517.02,2022-06-30
3,AE,AED,292200.0,79564.33,2022-06-30
3,AU,AUD,124500.0,85646.83,2022-06-30
3,BR,BRL,191700.0,36718.14,2022-06-30
3,CA,CAD,102800.0,79536.95,2022-06-30
3,CH,CHF,109500.0,114194.43,2022-06-30
3,DE,EUR,84500.0,87770.15,2022-06-30
3,ES,EUR,58900.0,61179.43,2022-06-30
3,FR,EUR,76600.0,79564.42,2022-06-30
3,GB,GBP,70800.0,85690.93,2022-06-30
3,IE,EUR,80500.0,83615.35,2022-06-30
3,IN,INR,2177100.0,27539.53,2022-06-30
3,JP,JPY,9173500.0,67320.28,2022-06-30
3,KR,KRW,82290200.0,63240.02,2022-06-30
3,MX,MXN,699900.0,34677.67,2022-06-30
3,NL,EUR,82500.0,85692.75,2022-06-30
3,PH,PHP,1459100.0,26519.11,2022-06-30
3,PL,PLN,211900.0,46925.75,2022-06-30
3,PT,EUR,49100.0,51000.17,2022-06-30
3,SE,SEK,800800.0,77520.13,2022-06-30
3,SG,SGD,122300.0,87711.81,2022-06-30
3,US,USD,102000.0,102000.0,2022-06-30
3,ZA,ZAR,601500.0,36720.76,2022-06-30
4,AE,AED,358100.0,97508.51,2022-06-30
4,AU,AUD,152600.0,104977.56,2022-06-30
4,BR,BRL,234900.0,44992.65,2022-06-30
4,CA,CAD,126000.0,97486.93,2022-06-30
4,CH,CHF,134200.0,139953.35,2022-06-30
4,DE,EUR,103500.0,107505.45,2022-06-30
4,ES,EUR,72200.0,74994.14,2022-06-30
4,FR,EUR,93900.0,97533.93,2022-06-30
4,GB,GBP,86800.0,105056.12,2022-06-30
4,IE,EUR,98700.0,102519.69,2022-06-30
4,IN,INR,2668100.0,33750.5,2022-06-30
4,JP,JPY,11242000.0,82500.09,2022-06-30
4,KR,KRW,100845800.0,77500.0,2022-06-30
4,MX,MXN,857800.0,42501.08,2022-06-30
4,NL,EUR,101100.0,105012.57,2022-06-30
4,PH,PHP,1788200.0,32500.5,2022-06-30
4,PL,PLN,259600.0,57489.02,2022-06-30
4,PT,EUR,60200.0,62529.74,2022-06-30
4,SE,SEK,981400.0,95002.82,2022-06-30
4,SG,SGD,149900.0,107506.13,2022-06-30
4,US,USD,125000.0,125000.0,2022-06-30
4,ZA,ZAR,737100.0,44998.96,2022-06-30
5,AE,AED,429700.0,117004.77,2022-06-30
5,AU,AUD,183200.0,126028.11,2022-06-30
5,BR,BRL,281900.0,53995.01,2022-06-30
5,CA,CAD,151200.0,116984.31,2022-06-30
5,CH,CHF,161100.0,168006.6,2022-06-30
5,DE,EUR,124200.0,129006.54,2022-06-30
5,ES,EUR,86600.0,89951.42,2022-06-30
5,FR,EUR,112600.0,116957.62,2022-06-30
5,GB,GBP,104100.0,125994.72,2022-06-30
5,IE,EUR,118400.0,122982.08,2022-06-30
5,IN,INR,3201700.0,40500.35,2022-06-30
5,JP,JPY,13490400.0,99000.11,2022-06-30
5,KR,KRW,121015000.0,93000.03,2022-06-30
5,MX,MXN,1029300.0,50998.33,2022-06-30
5,NL,EUR,121300.0,125994.31,2022-06-30
5,PH,PHP,2145800.0,38999.87,2022-06-30
5,PL,PLN,311600.0,69004.55,2022-06-30
5,PT,EUR,72200.0,74994.14,2022-06-30
5,SE,SEK,1177600.0,113995.64,2022-06-30
5,SG,SGD,179900.0,129021.7,2022-06-30
5,US,USD,150000.0,150000.0,2022-06-30
5,ZA,ZAR,884500.0,53997.53,2022-06-30
6,AE,AED,515600.0,140394.83,2022-06-30
6,AU,AUD,219800.0,151206.21,2022-06-30
6,BR,BRL,338300.0,64797.84,2022-06-30
6,CA,CAD,181500.0,140427.6,2022-06-30
6,CH,CHF,193300.0,201587.06,2022-06-30
6,DE,EUR,149000.0,154766.3,2022-06-30
6,ES,EUR,104000.0,108024.8,2022-06-30
6,FR,EUR,135200.0,140432.24,2022-06-30
6,GB,GBP,124900.0,151169.46,2022-06-30
6,IE,EUR,142100.0,147599.27,2022-06-30
6,IN,INR,3842000.0,48599.92,2022-06-30
6,JP,JPY,16188500.0,118800.28,2022-06-30
6,KR,KRW,145218000.0,111600.03,2022-06-30
6,MX,MXN,1235200.0,61199.97,2022-06-30
6,NL,EUR,145600.0,151234.72,2022-06-30
6,PH,PHP,2575000.0,46800.57,2022-06-30
6,PL,PLN,373900.0,82801.03,2022-06-30
6,PT,EUR,86600.0,89951.42,2022-06-30
6,SE,SEK,1413200.0,136802.51,2022-06-30
6,SG,SGD,215800.0,154768.67,2022-06-30
6,US,USD,180000.0,180000.0,2022-06-30
6,ZA,ZAR,1061400.0,64797.04,2022-06-30
7,AE,AED,630200.0,171599.73,2022-06-30
7,AU,AUD,268600.0,184777.02,2022-06-30
7,BR,BRL,413500.0,79201.62,2022-06-30
7,CA,CAD,221800.0,171607.94,2022-06-30
7,CH,CHF,236300.0,246430.53,2022-06-30
7,DE,EUR,182200.0,189251.14,2022-06-30
7,ES,EUR,127100.0,132018.77,2022-06-30
7,FR,EUR,165200.0,171593.24,2022-06-30
7,GB,GBP,152700.0,184816.46,2022-06-30
7,IE,EUR,173700.0,180422.19,2022-06-30
7,IN,INR,4695800.0,59400.18,2022-06-30
7,JP,JPY,19785900.0,145200.01,2022-06-30
7,KR,KRW,177488600.0,136399.99,2022-06-30
7,MX,MXN,1509700.0,74800.52,2022-06-30
7,NL,EUR,177900.0,184784.73,2022-06-30
7,PH,PHP,3147200.0,57200.3,2022-06-30
7,PL,PLN,457000.0,101203.71,2022-06-30
7,PT,EUR,105900.0,109998.33,2022-06-30
7,SE,SEK,1727200.0,167198.76,2022-06-30
7,SG,SGD,263800.0,189193.58,2022-06-30
7,US,USD,220000.0,220000.0,2022-06-30
7,ZA,ZAR,1297300.0,79198.41,2022-06-30
8,AE,AED,759100.0,206698.44,2022-06-30
8,AU,AUD,323600.0,222612.97,2022-06-30
8,BR,BRL,498100.0,95405.86,2022-06-30
8,CA,CAD,267200.0,206734.18,2022-06-30
8,CH,CHF,284600.0,296801.23,2022-06-30
8,DE,EUR,219400.0,227890.78,2022-06-30
8,ES,EUR,153100.0,159024.97,2022-06-30
8,FR,EUR,199000.0,206701.3,2022-06-30
8,GB,GBP,183900.0,222578.57,2022-06-30
8,IE,EUR,209200.0,217296.04,2022-06-30
8,IN,INR,5656300.0,71550.16,2022-06-30
8,JP,JPY,23833000.0,174899.9,2022-06-30
8,KR,KRW,213793100.0,164300.0,2022-06-30
8,MX,MXN,1818500.0,90100.51,2022-06-30
8,NL,EUR,214300.0,222593.41,2022-06-30
8,PH,PHP,3790900.0,68899.53,2022-06-30
8,PL,PLN,550500.0,121909.51,2022-06-30
8,PT,EUR,127600.0,132538.12,2022-06-30
8,SE,SEK,2080500.0,201399.39,2022-06-30
8,SG,SGD,317800.0,227921.61,2022-06-30
8,US,USD,265000.0,265000.0,2022-06-30
8,ZA,ZAR,1562700.0,95400.73,2022-06-30
9,AE,AED,916700.0,249611.98,2022-06-30
9,AU,AUD,390700.0,268772.82,2022-06-30
9,BR,BRL,601400.0,115191.9,2022-06-30
9,CA,CAD,322600.0,249597.48,2022-06-30
9,CH,CHF,343700.0,358434.93,2022-06-30
9,DE,EUR,264900.0,275151.63,2022-06-30
9,ES,EUR,184800.0,191951.76,2022-06-30
9,FR,EUR,240300.0,249599.61,2022-06-30
9,GB,GBP,222100.0,268812.94,2022-06-30
9,IE,EUR,252600.0,262375.62,2022-06-30
9,IN,INR,6830200.0,86399.57,2022-06-30
9,JP,JPY,28779500.0,211200.09,2022-06-30
9,KR,KRW,258165300.0,198400.03,2022-06-30
9,MX,MXN,2195900.0,108799.4,2022-06-30
9,NL,EUR,258800.0,268815.56,2022-06-30
9,PH,PHP,4577700.0,83199.61,2022-06-30
9,PL,PLN,664700.0,147199.36,2022-06-30
9,PT,EUR,154000.0,159959.8,2022-06-30
9,SE,SEK,2512300.0,243199.08,2022-06-30
9,SG,SGD,383700.0,275184.14,2022-06-30
9,US,USD,320000.0,320000.0,2022-06-30
9,ZA,ZAR,1887000.0,115198.8,2022-06-30
10,AE,AED,1145800.0,311994.56,2022-06-30
10,AU,AUD,488400.0,335983.23,2022-06-30
10,BR,BRL,751800.0,143999.46,2022-06-30
10,CA,CAD,403300.0,312035.54,2022-06-30
10,CH,CHF,429600.0,448017.59,2022-06-30
10,DE,EUR,331200.0,344017.44,2022-06-30
10,ES,EUR,231100.0,240043.57,2022-06-30
10,FR,EUR,300400.0,312025.48,2022-06-30
10,GB,GBP,277600.0,335985.92,2022-06-30
10,IE,EUR,315800.0,328021.46,2022-06-30
10,IN,INR,8537800.0,108000.1,2022-06-30
10,JP,JPY,35974400.0,264000.29,2022-06-30
10,KR,KRW,322706600.0,248000.02,2022-06-30
10,MX,MXN,2744900.0,136000.49,2022-06-30
10,NL,EUR,323500.0,336019.45,2022-06-30
10,PH,PHP,5722200.0,104000.87,2022-06-30
10,PL,PLN,830900.0,184004.74,2022-06-30
10,PT,EUR,192500.0,199949.75,2022-06-30
10,SE,SEK,3140400.0,304001.27,2022-06-30
10,SG,SGD,479700.0,344033.97,2022-06-30
10,US,USD,400000.0,400000.0,2022-06-30
10,ZA,ZAR,2358800.0,144001.56,2022-06-30
11,AE,AED,1375000.0,374404.36,2022-06-30
11,AU,AUD,586100.0,403193.63,2022-06-30
11,BR,BRL,902200.0,172807.01,2022-06-30
11,CA,CAD,483900.0,374396.22,2022-06-30
11,CH,CHF,515500.0,537600.25,2022-06-30
11,DE,EUR,397400.0,412779.38,2022-06-30
11,ES,EUR,277300.0,288031.51,2022-06-30
11,FR,EUR,360500.0,374451.35,2022-06-30
11,GB,GBP,333100.0,403158.9,2022-06-30
11,IE,EUR,378900.0,393563.43,2022-06-30
11,IN,INR,10245400.0,129600.62,2022-06-30
11,JP,JPY,43169200.0,316799.76,2022-06-30
11,KR,KRW,387247900.0,297600.01,2022-06-30
11,MX,MXN,3293900.0,163201.58,2022-06-30
11,NL,EUR,388200.0,403223.34,2022-06-30
11,PH,PHP,6866600.0,124800.32,2022-06-30
11,PL,PLN,997100.0,220810.12,2022-06-30
11,PT,EUR,231100.0,240043.57,2022-06-30
11,SE,SEK,3768500.0,364803.46,2022-06-30
11,SG,SGD,575600.0,412812.07,2022-06-30
11,US,USD,480000.0,480000.0,2022-06-30
11,ZA,ZAR,2830500.0,172798.2,2022-06-30
12,AE,AED,1862000.0,507011.58,2022-06-30
12,AU,AUD,793700.0,546007.14,2022-06-30
12,BR,BRL,1221700.0,234003.9,2022-06-30
12,CA,CAD,655300.0,507009.39,2022-06-30
12,CH,CHF,698100.0,728028.59,2022-06-30
12,DE,EUR,538200.0,559028.34,2022-06-30
12,ES,EUR,375500.0,390031.85,2022-06-30
12,FR,EUR,488100.0,506989.47,2022-06-30
12,GB,GBP,451100.0,545977.12,2022-06-30
12,IE,EUR,513100.0,532956.97,2022-06-30
12,IN,INR,13873900.0,175499.84,2022-06-30
12,JP,JPY,58458300.0,428999.74,2022-06-30
12,KR,KRW,524398200.0,403000.02,2022-06-30
12,MX,MXN,4460400.0,220997.7,2022-06-30
12,NL,EUR,525700.0,546044.59,2022-06-30
12,PH,PHP,9298500.0,169000.05,2022-06-30
12,PL,PLN,1350200.0,299004.94,2022-06-30
12,PT,EUR,312900.0,325009.23,2022-06-30
12,SE,SEK,5103100.0,493997.23,2022-06-30
12,SG,SGD,779400.0,558974.51,2022-06-30
12,US,USD,650000.0,650000.0,2022-06-30
12,ZA,ZAR,3833000.0,233999.48,2022-06-30
