fiscal_year,job_level,country_code,currency_code,range_min,range_mid,range_max
2022,1,AE,AED,158300.0,186200.0,251400.0
2022,1,AU,AUD,67500.0,79400.0,107200.0
2022,1,BR,BRL,103900.0,122200.0,165000.0
2022,1,CA,CAD,55700.0,65500.0,88400.0
2022,1,CH,CHF,59300.0,69800.0,94200.0
2022,1,DE,EUR,45700.0,53800.0,72600.0
2022,1,ES,EUR,31900.0,37500.0,50600.0
2022,1,FR,EUR,41500.0,48800.0,65900.0
2022,1,GB,GBP,38300.0,45100.0,60900.0
2022,1,IE,EUR,43600.0,51300.0,69300.0
2022,1,IN,INR,1179300.0,1387400.0,1873000.0
2022,1,JP,JPY,4968900.0,5845800.0,7891800.0
2022,1,KR,KRW,44573800.0,52439800.0,70793700.0
2022,1,MX,MXN,379100.0,446000.0,602100.0
2022,1,NL,EUR,44700.0,52600.0,71000.0
2022,1,PH,PHP,790300.0,929800.0,1255200.0
2022,1,PL,PLN,114800.0,135000.0,182200.0
2022,1,PT,EUR,26600.0,31300.0,42300.0
2022,1,SE,SEK,433800.0,510300.0,688900.0
2022,1,SG,SGD,66200.0,77900.0,105200.0
2022,1,US,USD,55200.0,65000.0,87800.0
2022,1,ZA,ZAR,325800.0,383300.0,517500.0
2022,2,AE,AED,199700.0,234900.0,317100.0
2022,2,AU,AUD,85100.0,100100.0,135100.0
2022,2,BR,BRL,131000.0,154100.0,208000.0
2022,2,CA,CAD,70300.0,82700.0,111600.0
2022,2,CH,CHF,74900.0,88100.0,118900.0
2022,2,DE,EUR,57700.0,67900.0,91700.0
2022,2,ES,EUR,40300.0,47400.0,64000.0
2022,2,FR,EUR,52400.0,61600.0,83200.0
2022,2,GB,GBP,48400.0,56900.0,76800.0
2022,2,IE,EUR,55000.0,64700.0,87300.0
2022,2,IN,INR,1487700.0,1750200.0,2362800.0
2022,2,JP,JPY,6268500.0,7374700.0,9955800.0
2022,2,KR,KRW,56231600.0,66154800.0,89309000.0
2022,2,MX,MXN,478300.0,562700.0,759600.0
2022,2,NL,EUR,56400.0,66300.0,89500.0
2022,2,PH,PHP,997000.0,1173000.0,1583600.0
2022,2,PL,PLN,144800.0,170300.0,229900.0
2022,2,PT,EUR,33600.0,39500.0,53300.0
2022,2,SE,SEK,547200.0,643800.0,869100.0
2022,2,SG,SGD,83600.0,98300.0,132700.0
2022,2,US,USD,69700.0,82000.0,110700.0
2022,2,ZA,ZAR,411000.0,483500.0,652700.0
2022,3,AE,AED,248400.0,292200.0,394500.0
2022,3,AU,AUD,105800.0,124500.0,168100.0
2022,3,BR,BRL,162900.0,191700.0,258800.0
2022,3,CA,CAD,87400.0,102800.0,138800.0
2022,3,CH,CHF,93100.0,109500.0,147800.0
2022,3,DE,EUR,71800.0,84500.0,114100.0
2022,3,ES,EUR,50100.0,58900.0,79500.0
2022,3,FR,EUR,65100.0,76600.0,103400.0
2022,3,GB,GBP,60200.0,70800.0,95600.0
2022,3,IE,EUR,68400.0,80500.0,108700.0
2022,3,IN,INR,1850500.0,2177100.0,2939100.0
2022,3,JP,JPY,7797500.0,9173500.0,12384200.0
2022,3,KR,KRW,69946700.0,82290200.0,111091800.0
2022,3,MX,MXN,594900.0,699900.0,944900.0
2022,3,NL,EUR,70100.0,82500.0,111400.0
2022,3,PH,PHP,1240200.0,1459100.0,1969800.0
2022,3,PL,PLN,180100.0,211900.0,286100.0
2022,3,PT,EUR,41700.0,49100.0,66300.0
2022,3,SE,SEK,680700.0,800800.0,1081100.0
2022,3,SG,SGD,104000.0,122300.0,165100.0
2022,3,US,USD,86700.0,102000.0,137700.0
2022,3,ZA,ZAR,511300.0,601500.0,812000.0
2022,4,AE,AED,304400.0,358100.0,483400.0
2022,4,AU,AUD,129700.0,152600.0,206000.0
2022,4,BR,BRL,199700.0,234900.0,317100.0
2022,4,CA,CAD,107100.0,126000.0,170100.0
2022,4,CH,CHF,114100.0,134200.0,181200.0
2022,4,DE,EUR,88000.0,103500.0,139700.0
2022,4,ES,EUR,61400.0,72200.0,97500.0
2022,4,FR,EUR,79800.0,93900.0,126800.0
2022,4,GB,GBP,73800.0,86800.0,117200.0
2022,4,IE,EUR,83900.0,98700.0,133200.0
2022,4,IN,INR,2267900.0,2668100.0,3601900.0
2022,4,JP,JPY,9555700.0,11242000.0,15176700.0
2022,4,KR,KRW,85718900.0,100845800.0,136141800.0
2022,4,MX,MXN,729100.0,857800.0,1158000.0
2022,4,NL,EUR,85900.0,101100.0,136500.0
2022,4,PH,PHP,1520000.0,1788200.0,2414100.0
2022,4,PL,PLN,220700.0,259600.0,350500.0
2022,4,PT,EUR,51200.0,60200.0,81300.0
2022,4,SE,SEK,834200.0,981400.0,1324900.0
2022,4,SG,SGD,127400.0,149900.0,202400.0
2022,4,US,USD,106200.0,125000.0,168800.0
2022,4,ZA,ZAR,626500.0,737100.0,995100.0
2022,5,AE,AED,365200.0,429700.0,580100.0
2022,5,AU,AUD,155700.0,183200.0,247300.0
2022,5,BR,BRL,239600.0,281900.0,380600.0
2022,5,CA,CAD,128500.0,151200.0,204100.0
2022,5,CH,CHF,136900.0,161100.0,217500.0
2022,5,DE,EUR,105600.0,124200.0,167700.0
2022,5,ES,EUR,73600.0,86600.0,116900.0
2022,5,FR,EUR,95700.0,112600.0,152000.0
2022,5,GB,GBP,88500.0,104100.0,140500.0
2022,5,IE,EUR,100600.0,118400.0,159800.0
2022,5,IN,INR,2721400.0,3201700.0,4322300.0
2022,5,JP,JPY,11466800.0,13490400.0,18212000.0
2022,5,KR,KRW,102862800.0,121015000.0,163370200.0
2022,5,MX,MXN,874900.0,1029300.0,1389600.0
2022,5,NL,EUR,103100.0,121300.0,163800.0
2022,5,PH,PHP,1823900.0,2145800.0,2896800.0
2022,5,PL,PLN,264900.0,311600.0,420700.0
2022,5,PT,EUR,61400.0,72200.0,97500.0
2022,5,SE,SEK,1001000.0,1177600.0,1589800.0
2022,5,SG,SGD,152900.0,179900.0,242900.0
2022,5,US,USD,127500.0,150000.0,202500.0
2022,5,ZA,ZAR,751800.0,884500.0,1194100.0
2022,6,AE,AED,438300.0,515600.0,696100.0
2022,6,AU,AUD,186800.0,219800.0,296700.0
2022,6,BR,BRL,287600.0,338300.0,456700.0
2022,6,CA,CAD,154300.0,181500.0,245000.0
2022,6,CH,CHF,164300.0,193300.0,261000.0
2022,6,DE,EUR,126600.0,149000.0,201200.0
2022,6,ES,EUR,88400.0,104000.0,140400.0
2022,6,FR,EUR,114900.0,135200.0,182500.0
2022,6,GB,GBP,106200.0,124900.0,168600.0
2022,6,IE,EUR,120800.0,142100.0,191800.0
2022,6,IN,INR,3265700.0,3842000.0,5186700.0
2022,6,JP,JPY,13760200.0,16188500.0,21854500.0
2022,6,KR,KRW,123435300.0,145218000.0,196044300.0
2022,6,MX,MXN,1049900.0,1235200.0,1667500.0
2022,6,NL,EUR,123800.0,145600.0,196600.0
2022,6,PH,PHP,2188800.0,2575000.0,3476200.0
2022,6,PL,PLN,317800.0,373900.0,504800.0
2022,6,PT,EUR,73600.0,86600.0,116900.0
2022,6,SE,SEK,1201200.0,1413200.0,1907800.0
2022,6,SG,SGD,183400.0,215800.0,291300.0
2022,6,US,USD,153000.0,180000.0,243000.0
2022,6,ZA,ZAR,902200.0,1061400.0,1432900.0
2022,7,AE,AED,535700.0,630200.0,850800.0
2022,7,AU,AUD,228300.0,268600.0,362600.0
2022,7,BR,BRL,351500.0,413500.0,558200.0
2022,7,CA,CAD,188500.0,221800.0,299400.0
2022,7,CH,CHF,200900.0,236300.0,319000.0
2022,7,DE,EUR,154900.0,182200.0,246000.0
2022,7,ES,EUR,108000.0,127100.0,171600.0
2022,7,FR,EUR,140400.0,165200.0,223000.0
2022,7,GB,GBP,129800.0,152700.0,206100.0
2022,7,IE,EUR,147600.0,173700.0,234500.0
2022,7,IN,INR,3991400.0,4695800.0,6339300.0
2022,7,JP,JPY,16818000.0,19785900.0,26711000.0
2022,7,KR,KRW,150865300.0,177488600.0,239609600.0
2022,7,MX,MXN,1283200.0,1509700.0,2038100.0
2022,7,NL,EUR,151200.0,177900.0,240200.0
2022,7,PH,PHP,2675100.0,3147200.0,4248700.0
2022,7,PL,PLN,388400.0,457000.0,617000.0
2022,7,PT,EUR,90000.0,105900.0,143000.0
2022,7,SE,SEK,1468100.0,1727200.0,2331700.0
2022,7,SG,SGD,224200.0,263800.0,356100.0
2022,7,US,USD,187000.0,220000.0,297000.0
2022,7,ZA,ZAR,1102700.0,1297300.0,1751400.0
2022,8,AE,AED,645200.0,759100.0,1024800.0
2022,8,AU,AUD,275100.0,323600.0,436900.0
2022,8,BR,BRL,423400.0,498100.0,672400.0
2022,8,CA,CAD,227100.0,267200.0,360700.0
2022,8,CH,CHF,241900.0,284600.0,384200.0
2022,8,DE,EUR,186500.0,219400.0,296200.0
2022,8,ES,EUR,130100.0,153100.0,206700.0
2022,8,FR,EUR,169200.0,199000.0,268600.0
2022,8,GB,GBP,156300.0,183900.0,248300.0
2022,8,IE,EUR,177800.0,209200.0,282400.0
2022,8,IN,INR,4807900.0,5656300.0,7636000.0
2022,8,JP,JPY,20258000.0,23833000.0,32174600.0
2022,8,KR,KRW,181724100.0,213793100.0,288620700.0
2022,8,MX,MXN,1545700.0,1818500.0,2455000.0
2022,8,NL,EUR,182200.0,214300.0,289300.0
2022,8,PH,PHP,3222300.0,3790900.0,5117700.0
2022,8,PL,PLN,467900.0,550500.0,743200.0
2022,8,PT,EUR,108500.0,127600.0,172300.0
2022,8,SE,SEK,1768400.0,2080500.0,2808700.0
2022,8,SG,SGD,270100.0,317800.0,429000.0
2022,8,US,USD,225200.0,265000.0,357800.0
2022,8,ZA,ZAR,1328300.0,1562700.0,2109600.0
2022,9,AE,AED,779200.0,916700.0,1237500.0
2022,9,AU,AUD,332100.0,390700.0,527400.0
2022,9,BR,BRL,511200.0,601400.0,811900.0
2022,9,CA,CAD,274200.0,322600.0,435500.0
2022,9,CH,CHF,292100.0,343700.0,464000.0
2022,9,DE,EUR,225200.0,264900.0,357600.0
2022,9,ES,EUR,157100.0,184800.0,249500.0
2022,9,FR,EUR,204300.0,240300.0,324400.0
2022,9,GB,GBP,188800.0,222100.0,299800.0
2022,9,IE,EUR,214700.0,252600.0,341000.0
2022,9,IN,INR,5805700.0,6830200.0,9220800.0
2022,9,JP,JPY,24462600.0,28779500.0,38852300.0
2022,9,KR,KRW,219440500.0,258165300.0,348523200.0
2022,9,MX,MXN,1866500.0,2195900.0,2964500.0
2022,9,NL,EUR,220000.0,258800.0,349400.0
2022,9,PH,PHP,3891000.0,4577700.0,6179900.0
2022,9,PL,PLN,565000.0,664700.0,897300.0
2022,9,PT,EUR,130900.0,154000.0,207900.0
2022,9,SE,SEK,2135500.0,2512300.0,3391600.0
2022,9,SG,SGD,326100.0,383700.0,518000.0
2022,9,US,USD,272000.0,320000.0,432000.0
2022,9,ZA,ZAR,1604000.0,1887000.0,2547400.0
2022,10,AE,AED,973900.0,1145800.0,1546800.0
2022,10,AU,AUD,415100.0,488400.0,659300.0
2022,10,BR,BRL,639000.0,751800.0,1014900.0
2022,10,CA,CAD,342800.0,403300.0,544500.0
2022,10,CH,CHF,365200.0,429600.0,580000.0
2022,10,DE,EUR,281500.0,331200.0,447100.0
2022,10,ES,EUR,196400.0,231100.0,312000.0
2022,10,FR,EUR,255300.0,300400.0,405500.0
2022,10,GB,GBP,236000.0,277600.0,374800.0
2022,10,IE,EUR,268400.0,315800.0,426300.0
2022,10,IN,INR,7257100.0,8537800.0,11526000.0
2022,10,JP,JPY,30578200.0,35974400.0,48565400.0
2022,10,KR,KRW,274300600.0,322706600.0,435653900.0
2022,10,MX,MXN,2333200.0,2744900.0,3705600.0
2022,10,NL,EUR,275000.0,323500.0,436700.0
2022,10,PH,PHP,4863900.0,5722200.0,7725000.0
2022,10,PL,PLN,706300.0,830900.0,1121700.0
2022,10,PT,EUR,163600.0,192500.0,259900.0
2022,10,SE,SEK,2669300.0,3140400.0,4239500.0
2022,10,SG,SGD,407700.0,479700.0,647600.0
2022,10,US,USD,340000.0,400000.0,540000.0
2022,10,ZA,ZAR,2005000.0,2358800.0,3184400.0
2022,11,AE,AED,1168800.0,1375000.0,1856300.0
2022,11,AU,AUD,498200.0,586100.0,791200.0
2022,11,BR,BRL,766900.0,902200.0,1218000.0
2022,11,CA,CAD,411300.0,483900.0,653300.0
2022,11,CH,CHF,438200.0,515500.0,695900.0
2022,11,DE,EUR,337800.0,397400.0,536500.0
2022,11,ES,EUR,235700.0,277300.0,374400.0
2022,11,FR,EUR,306400.0,360500.0,486700.0
2022,11,GB,GBP,283100.0,333100.0,449700.0
2022,11,IE,EUR,322100.0,378900.0,511500.0
2022,11,IN,INR,8708600.0,10245400.0,13831300.0
2022,11,JP,JPY,36693800.0,43169200.0,58278400.0
2022,11,KR,KRW,329160700.0,387247900.0,522784700.0
2022,11,MX,MXN,2799800.0,3293900.0,4446800.0
2022,11,NL,EUR,330000.0,388200.0,524100.0
2022,11,PH,PHP,5836600.0,6866600.0,9269900.0
2022,11,PL,PLN,847500.0,997100.0,1346100.0
2022,11,PT,EUR,196400.0,231100.0,312000.0
2022,11,SE,SEK,3203200.0,3768500.0,5087500.0
2022,11,SG,SGD,489300.0,575600.0,777100.0
2022,11,US,USD,408000.0,480000.0,648000.0
2022,11,ZA,ZAR,2405900.0,2830500.0,3821200.0
2022,12,AE,AED,1582700.0,1862000.0,2513700.0
2022,12,AU,AUD,674600.0,793700.0,1071500.0
2022,12,BR,BRL,1038400.0,1221700.0,1649300.0
2022,12,CA,CAD,557000.0,655300.0,884700.0
2022,12,CH,CHF,593400.0,698100.0,942400.0
2022,12,DE,EUR,457500.0,538200.0,726600.0
2022,12,ES,EUR,319200.0,375500.0,506900.0
2022,12,FR,EUR,414900.0,488100.0,658900.0
2022,12,GB,GBP,383400.0,451100.0,609000.0
2022,12,IE,EUR,436100.0,513100.0,692700.0
2022,12,IN,INR,11792800.0,13873900.0,18729800.0
2022,12,JP,JPY,49689600.0,58458300.0,78918700.0
2022,12,KR,KRW,445738500.0,524398200.0,707937600.0
2022,12,MX,MXN,3791300.0,4460400.0,6021500.0
2022,12,NL,EUR,446800.0,525700.0,709700.0
2022,12,PH,PHP,7903700.0,9298500.0,12553000.0
2022,12,PL,PLN,1147700.0,1350200.0,1822800.0
2022,12,PT,EUR,266000.0,312900.0,422400.0
2022,12,SE,SEK,4337600.0,5103100.0,6889200.0
2022,12,SG,SGD,662500.0,779400.0,1052200.0
2022,12,US,USD,552500.0,650000.0,877500.0
2022,12,ZA,ZAR,3258000.0,3833000.0,5174600.0
2023,1,AE,AED,158300.0,186200.0,251400.0
2023,1,AU,AUD,67500.0,79400.0,107200.0
2023,1,BR,BRL,103900.0,122200.0,165000.0
2023,1,CA,CAD,55700.0,65500.0,88400.0
2023,1,CH,CHF,59300.0,69800.0,94200.0
2023,1,DE,EUR,45700.0,53800.0,72600.0
2023,1,ES,EUR,31900.0,37500.0,50600.0
2023,1,FR,EUR,41500.0,48800.0,65900.0
2023,1,GB,GBP,38300.0,45100.0,60900.0
2023,1,IE,EUR,43600.0,51300.0,69300.0
2023,1,IN,INR,1179300.0,1387400.0,1873000.0
2023,1,JP,JPY,4968900.0,5845800.0,7891800.0
2023,1,KR,KRW,44573800.0,52439800.0,70793700.0
2023,1,MX,MXN,379100.0,446000.0,602100.0
2023,1,NL,EUR,44700.0,52600.0,71000.0
2023,1,PH,PHP,790300.0,929800.0,1255200.0
2023,1,PL,PLN,114800.0,135000.0,182200.0
2023,1,PT,EUR,26600.0,31300.0,42300.0
2023,1,SE,SEK,433800.0,510300.0,688900.0
2023,1,SG,SGD,66200.0,77900.0,105200.0
2023,1,US,USD,55200.0,65000.0,87800.0
2023,1,ZA,ZAR,325800.0,383300.0,517500.0
2023,2,AE,AED,199700.0,234900.0,317100.0
2023,2,AU,AUD,85100.0,100100.0,135100.0
2023,2,BR,BRL,131000.0,154100.0,208000.0
2023,2,CA,CAD,70300.0,82700.0,111600.0
2023,2,CH,CHF,74900.0,88100.0,118900.0
2023,2,DE,EUR,57700.0,67900.0,91700.0
2023,2,ES,EUR,40300.0,47400.0,64000.0
2023,2,FR,EUR,52400.0,61600.0,83200.0
2023,2,GB,GBP,48400.0,56900.0,76800.0
2023,2,IE,EUR,55000.0,64700.0,87300.0
2023,2,IN,INR,1487700.0,1750200.0,2362800.0
2023,2,JP,JPY,6268500.0,7374700.0,9955800.0
2023,2,KR,KRW,56231600.0,66154800.0,89309000.0
2023,2,MX,MXN,478300.0,562700.0,759600.0
2023,2,NL,EUR,56400.0,66300.0,89500.0
2023,2,PH,PHP,997000.0,1173000.0,1583600.0
2023,2,PL,PLN,144800.0,170300.0,229900.0
2023,2,PT,EUR,33600.0,39500.0,53300.0
2023,2,SE,SEK,547200.0,643800.0,869100.0
2023,2,SG,SGD,83600.0,98300.0,132700.0
2023,2,US,USD,69700.0,82000.0,110700.0
2023,2,ZA,ZAR,411000.0,483500.0,652700.0
2023,3,AE,AED,248400.0,292200.0,394500.0
2023,3,AU,AUD,105800.0,124500.0,168100.0
2023,3,BR,BRL,162900.0,191700.0,258800.0
2023,3,CA,CAD,87400.0,102800.0,138800.0
2023,3,CH,CHF,93100.0,109500.0,147800.0
2023,3,DE,EUR,71800.0,84500.0,114100.0
2023,3,ES,EUR,50100.0,58900.0,79500.0
2023,3,FR,EUR,65100.0,76600.0,103400.0
2023,3,GB,GBP,60200.0,70800.0,95600.0
2023,3,IE,EUR,68400.0,80500.0,108700.0
2023,3,IN,INR,1850500.0,2177100.0,2939100.0
2023,3,JP,JPY,7797500.0,9173500.0,12384200.0
2023,3,KR,KRW,69946700.0,82290200.0,111091800.0
2023,3,MX,MXN,594900.0,699900.0,944900.0
2023,3,NL,EUR,70100.0,82500.0,111400.0
2023,3,PH,PHP,1240200.0,1459100.0,1969800.0
2023,3,PL,PLN,180100.0,211900.0,286100.0
2023,3,PT,EUR,41700.0,49100.0,66300.0
2023,3,SE,SEK,680700.0,800800.0,1081100.0
2023,3,SG,SGD,104000.0,122300.0,165100.0
2023,3,US,USD,86700.0,102000.0,137700.0
2023,3,ZA,ZAR,511300.0,601500.0,812000.0
2023,4,AE,AED,304400.0,358100.0,483400.0
2023,4,AU,AUD,129700.0,152600.0,206000.0
2023,4,BR,BRL,199700.0,234900.0,317100.0
2023,4,CA,CAD,107100.0,126000.0,170100.0
2023,4,CH,CHF,114100.0,134200.0,181200.0
2023,4,DE,EUR,88000.0,103500.0,139700.0
2023,4,ES,EUR,61400.0,72200.0,97500.0
2023,4,FR,EUR,79800.0,93900.0,126800.0
2023,4,GB,GBP,73800.0,86800.0,117200.0
2023,4,IE,EUR,83900.0,98700.0,133200.0
2023,4,IN,INR,2267900.0,2668100.0,3601900.0
2023,4,JP,JPY,9555700.0,11242000.0,15176700.0
2023,4,KR,KRW,85718900.0,100845800.0,136141800.0
2023,4,MX,MXN,729100.0,857800.0,1158000.0
2023,4,NL,EUR,85900.0,101100.0,136500.0
2023,4,PH,PHP,1520000.0,1788200.0,2414100.0
2023,4,PL,PLN,220700.0,259600.0,350500.0
2023,4,PT,EUR,51200.0,60200.0,81300.0
2023,4,SE,SEK,834200.0,981400.0,1324900.0
2023,4,SG,SGD,127400.0,149900.0,202400.0
2023,4,US,USD,106200.0,125000.0,168800.0
2023,4,ZA,ZAR,626500.0,737100.0,995100.0
2023,5,AE,AED,365200.0,429700.0,580100.0
2023,5,AU,AUD,155700.0,183200.0,247300.0
2023,5,BR,BRL,239600.0,281900.0,380600.0
2023,5,CA,CAD,128500.0,151200.0,204100.0
2023,5,CH,CHF,136900.0,161100.0,217500.0
2023,5,DE,EUR,105600.0,124200.0,167700.0
2023,5,ES,EUR,73600.0,86600.0,116900.0
2023,5,FR,EUR,95700.0,112600.0,152000.0
2023,5,GB,GBP,88500.0,104100.0,140500.0
2023,5,IE,EUR,100600.0,118400.0,159800.0
2023,5,IN,INR,2721400.0,3201700.0,4322300.0
2023,5,JP,JPY,11466800.0,13490400.0,18212000.0
2023,5,KR,KRW,102862800.0,121015000.0,163370200.0
2023,5,MX,MXN,874900.0,1029300.0,1389600.0
2023,5,NL,EUR,103100.0,121300.0,163800.0
2023,5,PH,PHP,1823900.0,2145800.0,2896800.0
2023,5,PL,PLN,264900.0,311600.0,420700.0
2023,5,PT,EUR,61400.0,72200.0,97500.0
2023,5,SE,SEK,1001000.0,1177600.0,1589800.0
2023,5,SG,SGD,152900.0,179900.0,242900.0
2023,5,US,USD,127500.0,150000.0,202500.0
2023,5,ZA,ZAR,751800.0,884500.0,1194100.0
2023,6,AE,AED,438300.0,515600.0,696100.0
2023,6,AU,AUD,186800.0,219800.0,296700.0
2023,6,BR,BRL,287600.0,338300.0,456700.0
2023,6,CA,CAD,154300.0,181500.0,245000.0
2023,6,CH,CHF,164300.0,193300.0,261000.0
2023,6,DE,EUR,126600.0,149000.0,201200.0
2023,6,ES,EUR,88400.0,104000.0,140400.0
2023,6,FR,EUR,114900.0,135200.0,182500.0
2023,6,GB,GBP,106200.0,124900.0,168600.0
2023,6,IE,EUR,120800.0,142100.0,191800.0
2023,6,IN,INR,3265700.0,3842000.0,5186700.0
2023,6,JP,JPY,13760200.0,16188500.0,21854500.0
2023,6,KR,KRW,123435300.0,145218000.0,196044300.0
2023,6,MX,MXN,1049900.0,1235200.0,1667500.0
2023,6,NL,EUR,123800.0,145600.0,196600.0
2023,6,PH,PHP,2188800.0,2575000.0,3476200.0
2023,6,PL,PLN,317800.0,373900.0,504800.0
2023,6,PT,EUR,73600.0,86600.0,116900.0
2023,6,SE,SEK,1201200.0,1413200.0,1907800.0
2023,6,SG,SGD,183400.0,215800.0,291300.0
2023,6,US,USD,153000.0,180000.0,243000.0
2023,6,ZA,ZAR,902200.0,1061400.0,1432900.0
2023,7,AE,AED,535700.0,630200.0,850800.0
2023,7,AU,AUD,228300.0,268600.0,362600.0
2023,7,BR,BRL,351500.0,413500.0,558200.0
2023,7,CA,CAD,188500.0,221800.0,299400.0
2023,7,CH,CHF,200900.0,236300.0,319000.0
2023,7,DE,EUR,154900.0,182200.0,246000.0
2023,7,ES,EUR,108000.0,127100.0,171600.0
2023,7,FR,EUR,140400.0,165200.0,223000.0
2023,7,GB,GBP,129800.0,152700.0,206100.0
2023,7,IE,EUR,147600.0,173700.0,234500.0
2023,7,IN,INR,3991400.0,4695800.0,6339300.0
2023,7,JP,JPY,16818000.0,19785900.0,26711000.0
2023,7,KR,KRW,150865300.0,177488600.0,239609600.0
2023,7,MX,MXN,1283200.0,1509700.0,2038100.0
2023,7,NL,EUR,151200.0,177900.0,240200.0
2023,7,PH,PHP,2675100.0,3147200.0,4248700.0
2023,7,PL,PLN,388400.0,457000.0,617000.0
2023,7,PT,EUR,90000.0,105900.0,143000.0
2023,7,SE,SEK,1468100.0,1727200.0,2331700.0
2023,7,SG,SGD,224200.0,263800.0,356100.0
2023,7,US,USD,187000.0,220000.0,297000.0
2023,7,ZA,ZAR,1102700.0,1297300.0,1751400.0
2023,8,AE,AED,645200.0,759100.0,1024800.0
2023,8,AU,AUD,275100.0,323600.0,436900.0
2023,8,BR,BRL,423400.0,498100.0,672400.0
2023,8,CA,CAD,227100.0,267200.0,360700.0
2023,8,CH,CHF,241900.0,284600.0,384200.0
2023,8,DE,EUR,186500.0,219400.0,296200.0
2023,8,ES,EUR,130100.0,153100.0,206700.0
2023,8,FR,EUR,169200.0,199000.0,268600.0
2023,8,GB,GBP,156300.0,183900.0,248300.0
2023,8,IE,EUR,177800.0,209200.0,282400.0
2023,8,IN,INR,4807900.0,5656300.0,7636000.0
2023,8,JP,JPY,20258000.0,23833000.0,32174600.0
2023,8,KR,KRW,181724100.0,213793100.0,288620700.0
2023,8,MX,MXN,1545700.0,1818500.0,2455000.0
2023,8,NL,EUR,182200.0,214300.0,289300.0
2023,8,PH,PHP,3222300.0,3790900.0,5117700.0
2023,8,PL,PLN,467900.0,550500.0,743200.0
2023,8,PT,EUR,108500.0,127600.0,172300.0
2023,8,SE,SEK,1768400.0,2080500.0,2808700.0
2023,8,SG,SGD,270100.0,317800.0,429000.0
2023,8,US,USD,225200.0,265000.0,357800.0
2023,8,ZA,ZAR,1328300.0,1562700.0,2109600.0
2023,9,AE,AED,779200.0,916700.0,1237500.0
2023,9,AU,AUD,332100.0,390700.0,527400.0
2023,9,BR,BRL,511200.0,601400.0,811900.0
2023,9,CA,CAD,274200.0,322600.0,435500.0
2023,9,CH,CHF,292100.0,343700.0,464000.0
2023,9,DE,EUR,225200.0,264900.0,357600.0
2023,9,ES,EUR,157100.0,184800.0,249500.0
2023,9,FR,EUR,204300.0,240300.0,324400.0
2023,9,GB,GBP,188800.0,222100.0,299800.0
2023,9,IE,EUR,214700.0,252600.0,341000.0
2023,9,IN,INR,5805700.0,6830200.0,9220800.0
2023,9,JP,JPY,24462600.0,28779500.0,38852300.0
2023,9,KR,KRW,219440500.0,258165300.0,348523200.0
2023,9,MX,MXN,1866500.0,2195900.0,2964500.0
2023,9,NL,EUR,220000.0,258800.0,349400.0
2023,9,PH,PHP,3891000.0,4577700.0,6179900.0
2023,9,PL,PLN,565000.0,664700.0,897300.0
2023,9,PT,EUR,130900.0,154000.0,207900.0
2023,9,SE,SEK,2135500.0,2512300.0,3391600.0
2023,9,SG,SGD,326100.0,383700.0,518000.0
2023,9,US,USD,272000.0,320000.0,432000.0
2023,9,ZA,ZAR,1604000.0,1887000.0,2547400.0
2023,10,AE,AED,973900.0,1145800.0,1546800.0
2023,10,AU,AUD,415100.0,488400.0,659300.0
2023,10,BR,BRL,639000.0,751800.0,1014900.0
2023,10,CA,CAD,342800.0,403300.0,544500.0
2023,10,CH,CHF,365200.0,429600.0,580000.0
2023,10,DE,EUR,281500.0,331200.0,447100.0
2023,10,ES,EUR,196400.0,231100.0,312000.0
2023,10,FR,EUR,255300.0,300400.0,405500.0
2023,10,GB,GBP,236000.0,277600.0,374800.0
2023,10,IE,EUR,268400.0,315800.0,426300.0
2023,10,IN,INR,7257100.0,8537800.0,11526000.0
2023,10,JP,JPY,30578200.0,35974400.0,48565400.0
2023,10,KR,KRW,274300600.0,322706600.0,435653900.0
2023,10,MX,MXN,2333200.0,2744900.0,3705600.0
2023,10,NL,EUR,275000.0,323500.0,436700.0
2023,10,PH,PHP,4863900.0,5722200.0,7725000.0
2023,10,PL,PLN,706300.0,830900.0,1121700.0
2023,10,PT,EUR,163600.0,192500.0,259900.0
2023,10,SE,SEK,2669300.0,3140400.0,4239500.0
2023,10,SG,SGD,407700.0,479700.0,647600.0
2023,10,US,USD,340000.0,400000.0,540000.0
2023,10,ZA,ZAR,2005000.0,2358800.0,3184400.0
2023,11,AE,AED,1168800.0,1375000.0,1856300.0
2023,11,AU,AUD,498200.0,586100.0,791200.0
2023,11,BR,BRL,766900.0,902200.0,1218000.0
2023,11,CA,CAD,411300.0,483900.0,653300.0
2023,11,CH,CHF,438200.0,515500.0,695900.0
2023,11,DE,EUR,337800.0,397400.0,536500.0
2023,11,ES,EUR,235700.0,277300.0,374400.0
2023,11,FR,EUR,306400.0,360500.0,486700.0
2023,11,GB,GBP,283100.0,333100.0,449700.0
2023,11,IE,EUR,322100.0,378900.0,511500.0
2023,11,IN,INR,8708600.0,10245400.0,13831300.0
2023,11,JP,JPY,36693800.0,43169200.0,58278400.0
2023,11,KR,KRW,329160700.0,387247900.0,522784700.0
2023,11,MX,MXN,2799800.0,3293900.0,4446800.0
2023,11,NL,EUR,330000.0,388200.0,524100.0
2023,11,PH,PHP,5836600.0,6866600.0,9269900.0
2023,11,PL,PLN,847500.0,997100.0,1346100.0
2023,11,PT,EUR,196400.0,231100.0,312000.0
2023,11,SE,SEK,3203200.0,3768500.0,5087500.0
2023,11,SG,SGD,489300.0,575600.0,777100.0
2023,11,US,USD,408000.0,480000.0,648000.0
2023,11,ZA,ZAR,2405900.0,2830500.0,3821200.0
2023,12,AE,AED,1582700.0,1862000.0,2513700.0
2023,12,AU,AUD,674600.0,793700.0,1071500.0
2023,12,BR,BRL,1038400.0,1221700.0,1649300.0
2023,12,CA,CAD,557000.0,655300.0,884700.0
2023,12,CH,CHF,593400.0,698100.0,942400.0
2023,12,DE,EUR,457500.0,538200.0,726600.0
2023,12,ES,EUR,319200.0,375500.0,506900.0
2023,12,FR,EUR,414900.0,488100.0,658900.0
2023,12,GB,GBP,383400.0,451100.0,609000.0
2023,12,IE,EUR,436100.0,513100.0,692700.0
2023,12,IN,INR,11792800.0,13873900.0,18729800.0
2023,12,JP,JPY,49689600.0,58458300.0,78918700.0
2023,12,KR,KRW,445738500.0,524398200.0,707937600.0
2023,12,MX,MXN,3791300.0,4460400.0,6021500.0
2023,12,NL,EUR,446800.0,525700.0,709700.0
2023,12,PH,PHP,7903700.0,9298500.0,12553000.0
2023,12,PL,PLN,1147700.0,1350200.0,1822800.0
2023,12,PT,EUR,266000.0,312900.0,422400.0
2023,12,SE,SEK,4337600.0,5103100.0,6889200.0
2023,12,SG,SGD,662500.0,779400.0,1052200.0
2023,12,US,USD,552500.0,650000.0,877500.0
2023,12,ZA,ZAR,3258000.0,3833000.0,5174600.0
2024,1,AE,AED,158300.0,186200.0,251400.0
2024,1,AU,AUD,67500.0,79400.0,107200.0
2024,1,BR,BRL,103900.0,122200.0,165000.0
2024,1,CA,CAD,55700.0,65500.0,88400.0
2024,1,CH,CHF,59300.0,69800.0,94200.0
2024,1,DE,EUR,45700.0,53800.0,72600.0
2024,1,ES,EUR,31900.0,37500.0,50600.0
2024,1,FR,EUR,41500.0,48800.0,65900.0
2024,1,GB,GBP,38300.0,45100.0,60900.0
2024,1,IE,EUR,43600.0,51300.0,69300.0
2024,1,IN,INR,1179300.0,1387400.0,1873000.0
2024,1,JP,JPY,4968900.0,5845800.0,7891800.0
2024,1,KR,KRW,44573800.0,52439800.0,70793700.0
2024,1,MX,MXN,379100.0,446000.0,602100.0
2024,1,NL,EUR,44700.0,52600.0,71000.0
2024,1,PH,PHP,790300.0,929800.0,1255200.0
2024,1,PL,PLN,114800.0,135000.0,182200.0
2024,1,PT,EUR,26600.0,31300.0,42300.0
2024,1,SE,SEK,433800.0,510300.0,688900.0
2024,1,SG,SGD,66200.0,77900.0,105200.0
2024,1,US,USD,55200.0,65000.0,87800.0
2024,1,ZA,ZAR,325800.0,383300.0,517500.0
2024,2,AE,AED,199700.0,234900.0,317100.0
2024,2,AU,AUD,85100.0,100100.0,135100.0
2024,2,BR,BRL,131000.0,154100.0,208000.0
2024,2,CA,CAD,70300.0,82700.0,111600.0
2024,2,CH,CHF,74900.0,88100.0,118900.0
2024,2,DE,EUR,57700.0,67900.0,91700.0
2024,2,ES,EUR,40300.0,47400.0,64000.0
2024,2,FR,EUR,52400.0,61600.0,83200.0
2024,2,GB,GBP,48400.0,56900.0,76800.0
2024,2,IE,EUR,55000.0,64700.0,87300.0
2024,2,IN,INR,1487700.0,1750200.0,2362800.0
2024,2,JP,JPY,6268500.0,7374700.0,9955800.0
2024,2,KR,KRW,56231600.0,66154800.0,89309000.0
2024,2,MX,MXN,478300.0,562700.0,759600.0
2024,2,NL,EUR,56400.0,66300.0,89500.0
2024,2,PH,PHP,997000.0,1173000.0,1583600.0
2024,2,PL,PLN,144800.0,170300.0,229900.0
2024,2,PT,EUR,33600.0,39500.0,53300.0
2024,2,SE,SEK,547200.0,643800.0,869100.0
2024,2,SG,SGD,83600.0,98300.0,132700.0
2024,2,US,USD,69700.0,82000.0,110700.0
2024,2,ZA,ZAR,411000.0,483500.0,652700.0
2024,3,AE,AED,248400.0,292200.0,394500.0
2024,3,AU,AUD,105800.0,124500.0,168100.0
2024,3,BR,BRL,162900.0,191700.0,258800.0
2024,3,CA,CAD,87400.0,102800.0,138800.0
2024,3,CH,CHF,93100.0,109500.0,147800.0
2024,3,DE,EUR,71800.0,84500.0,114100.0
2024,3,ES,EUR,50100.0,58900.0,79500.0
2024,3,FR,EUR,65100.0,76600.0,103400.0
2024,3,GB,GBP,60200.0,70800.0,95600.0
2024,3,IE,EUR,68400.0,80500.0,108700.0
2024,3,IN,INR,1850500.0,2177100.0,2939100.0
2024,3,JP,JPY,7797500.0,9173500.0,12384200.0
2024,3,KR,KRW,69946700.0,82290200.0,111091800.0
2024,3,MX,MXN,594900.0,699900.0,944900.0
2024,3,NL,EUR,70100.0,82500.0,111400.0
2024,3,PH,PHP,1240200.0,1459100.0,1969800.0
2024,3,PL,PLN,180100.0,211900.0,286100.0
2024,3,PT,EUR,41700.0,49100.0,66300.0
2024,3,SE,SEK,680700.0,800800.0,1081100.0
2024,3,SG,SGD,104000.0,122300.0,165100.0
2024,3,US,USD,86700.0,102000.0,137700.0
2024,3,ZA,ZAR,511300.0,601500.0,812000.0
2024,4,AE,AED,304400.0,358100.0,483400.0
2024,4,AU,AUD,129700.0,152600.0,206000.0
2024,4,BR,BRL,199700.0,234900.0,317100.0
2024,4,CA,CAD,107100.0,126000.0,170100.0
2024,4,CH,CHF,114100.0,134200.0,181200.0
2024,4,DE,EUR,88000.0,103500.0,139700.0
2024,4,ES,EUR,61400.0,72200.0,97500.0
2024,4,FR,EUR,79800.0,93900.0,126800.0
2024,4,GB,GBP,73800.0,86800.0,117200.0
2024,4,IE,EUR,83900.0,98700.0,133200.0
2024,4,IN,INR,2267900.0,2668100.0,3601900.0
2024,4,JP,JPY,9555700.0,11242000.0,15176700.0
2024,4,KR,KRW,85718900.0,100845800.0,136141800.0
2024,4,MX,MXN,729100.0,857800.0,1158000.0
2024,4,NL,EUR,85900.0,101100.0,136500.0
2024,4,PH,PHP,1520000.0,1788200.0,2414100.0
2024,4,PL,PLN,220700.0,259600.0,350500.0
2024,4,PT,EUR,51200.0,60200.0,81300.0
2024,4,SE,SEK,834200.0,981400.0,1324900.0
2024,4,SG,SGD,127400.0,149900.0,202400.0
2024,4,US,USD,106200.0,125000.0,168800.0
2024,4,ZA,ZAR,626500.0,737100.0,995100.0
2024,5,AE,AED,365200.0,429700.0,580100.0
2024,5,AU,AUD,155700.0,183200.0,247300.0
2024,5,BR,BRL,239600.0,281900.0,380600.0
2024,5,CA,CAD,128500.0,151200.0,204100.0
2024,5,CH,CHF,136900.0,161100.0,217500.0
2024,5,DE,EUR,105600.0,124200.0,167700.0
2024,5,ES,EUR,73600.0,86600.0,116900.0
2024,5,FR,EUR,95700.0,112600.0,152000.0
2024,5,GB,GBP,88500.0,104100.0,140500.0
2024,5,IE,EUR,100600.0,118400.0,159800.0
2024,5,IN,INR,2721400.0,3201700.0,4322300.0
2024,5,JP,JPY,11466800.0,13490400.0,18212000.0
2024,5,KR,KRW,102862800.0,121015000.0,163370200.0
2024,5,MX,MXN,874900.0,1029300.0,1389600.0
2024,5,NL,EUR,103100.0,121300.0,163800.0
2024,5,PH,PHP,1823900.0,2145800.0,2896800.0
2024,5,PL,PLN,264900.0,311600.0,420700.0
2024,5,PT,EUR,61400.0,72200.0,97500.0
2024,5,SE,SEK,1001000.0,1177600.0,1589800.0
2024,5,SG,SGD,152900.0,179900.0,242900.0
2024,5,US,USD,127500.0,150000.0,202500.0
2024,5,ZA,ZAR,751800.0,884500.0,1194100.0
2024,6,AE,AED,438300.0,515600.0,696100.0
2024,6,AU,AUD,186800.0,219800.0,296700.0
2024,6,BR,BRL,287600.0,338300.0,456700.0
2024,6,CA,CAD,154300.0,181500.0,245000.0
2024,6,CH,CHF,164300.0,193300.0,261000.0
2024,6,DE,EUR,126600.0,149000.0,201200.0
2024,6,ES,EUR,88400.0,104000.0,140400.0
2024,6,FR,EUR,114900.0,135200.0,182500.0
2024,6,GB,GBP,106200.0,124900.0,168600.0
2024,6,IE,EUR,120800.0,142100.0,191800.0
2024,6,IN,INR,3265700.0,3842000.0,5186700.0
2024,6,JP,JPY,13760200.0,16188500.0,21854500.0
2024,6,KR,KRW,123435300.0,145218000.0,196044300.0
2024,6,MX,MXN,1049900.0,1235200.0,1667500.0
2024,6,NL,EUR,123800.0,145600.0,196600.0
2024,6,PH,PHP,2188800.0,2575000.0,3476200.0
2024,6,PL,PLN,317800.0,373900.0,504800.0
2024,6,PT,EUR,73600.0,86600.0,116900.0
2024,6,SE,SEK,1201200.0,1413200.0,1907800.0
2024,6,SG,SGD,183400.0,215800.0,291300.0
2024,6,US,USD,153000.0,180000.0,243000.0
2024,6,ZA,ZAR,902200.0,1061400.0,1432900.0
2024,7,AE,AED,535700.0,630200.0,850800.0
2024,7,AU,AUD,228300.0,268600.0,362600.0
2024,7,BR,BRL,351500.0,413500.0,558200.0
2024,7,CA,CAD,188500.0,221800.0,299400.0
2024,7,CH,CHF,200900.0,236300.0,319000.0
2024,7,DE,EUR,154900.0,182200.0,246000.0
2024,7,ES,EUR,108000.0,127100.0,171600.0
2024,7,FR,EUR,140400.0,165200.0,223000.0
2024,7,GB,GBP,129800.0,152700.0,206100.0
2024,7,IE,EUR,147600.0,173700.0,234500.0
2024,7,IN,INR,3991400.0,4695800.0,6339300.0
2024,7,JP,JPY,16818000.0,19785900.0,26711000.0
2024,7,KR,KRW,150865300.0,177488600.0,239609600.0
2024,7,MX,MXN,1283200.0,1509700.0,2038100.0
2024,7,NL,EUR,151200.0,177900.0,240200.0
2024,7,PH,PHP,2675100.0,3147200.0,4248700.0
2024,7,PL,PLN,388400.0,457000.0,617000.0
2024,7,PT,EUR,90000.0,105900.0,143000.0
2024,7,SE,SEK,1468100.0,1727200.0,2331700.0
2024,7,SG,SGD,224200.0,263800.0,356100.0
2024,7,US,USD,187000.0,220000.0,297000.0
2024,7,ZA,ZAR,1102700.0,1297300.0,1751400.0
2024,8,AE,AED,645200.0,759100.0,1024800.0
2024,8,AU,AUD,275100.0,323600.0,436900.0
2024,8,BR,BRL,423400.0,498100.0,672400.0
2024,8,CA,CAD,227100.0,267200.0,360700.0
2024,8,CH,CHF,241900.0,284600.0,384200.0
2024,8,DE,EUR,186500.0,219400.0,296200.0
2024,8,ES,EUR,130100.0,153100.0,206700.0
2024,8,FR,EUR,169200.0,199000.0,268600.0
2024,8,GB,GBP,156300.0,183900.0,248300.0
2024,8,IE,EUR,177800.0,209200.0,282400.0
2024,8,IN,INR,4807900.0,5656300.0,7636000.0
2024,8,JP,JPY,20258000.0,23833000.0,32174600.0
2024,8,KR,KRW,181724100.0,213793100.0,288620700.0
2024,8,MX,MXN,1545700.0,1818500.0,2455000.0
2024,8,NL,EUR,182200.0,214300.0,289300.0
2024,8,PH,PHP,3222300.0,3790900.0,5117700.0
2024,8,PL,PLN,467900.0,550500.0,743200.0
2024,8,PT,EUR,108500.0,127600.0,172300.0
2024,8,SE,SEK,1768400.0,2080500.0,2808700.0
2024,8,SG,SGD,270100.0,317800.0,429000.0
2024,8,US,USD,225200.0,265000.0,357800.0
2024,8,ZA,ZAR,1328300.0,1562700.0,2109600.0
2024,9,AE,AED,779200.0,916700.0,1237500.0
2024,9,AU,AUD,332100.0,390700.0,527400.0
2024,9,BR,BRL,511200.0,601400.0,811900.0
2024,9,CA,CAD,274200.0,322600.0,435500.0
2024,9,CH,CHF,292100.0,343700.0,464000.0
2024,9,DE,EUR,225200.0,264900.0,357600.0
2024,9,ES,EUR,157100.0,184800.0,249500.0
2024,9,FR,EUR,204300.0,240300.0,324400.0
2024,9,GB,GBP,188800.0,222100.0,299800.0
2024,9,IE,EUR,214700.0,252600.0,341000.0
2024,9,IN,INR,5805700.0,6830200.0,9220800.0
2024,9,JP,JPY,24462600.0,28779500.0,38852300.0
2024,9,KR,KRW,219440500.0,258165300.0,348523200.0
2024,9,MX,MXN,1866500.0,2195900.0,2964500.0
2024,9,NL,EUR,220000.0,258800.0,349400.0
2024,9,PH,PHP,3891000.0,4577700.0,6179900.0
2024,9,PL,PLN,565000.0,664700.0,897300.0
2024,9,PT,EUR,130900.0,154000.0,207900.0
2024,9,SE,SEK,2135500.0,2512300.0,3391600.0
2024,9,SG,SGD,326100.0,383700.0,518000.0
2024,9,US,USD,272000.0,320000.0,432000.0
2024,9,ZA,ZAR,1604000.0,1887000.0,2547400.0
2024,10,AE,AED,973900.0,1145800.0,1546800.0
2024,10,AU,AUD,415100.0,488400.0,659300.0
2024,10,BR,BRL,639000.0,751800.0,1014900.0
2024,10,CA,CAD,342800.0,403300.0,544500.0
2024,10,CH,CHF,365200.0,429600.0,580000.0
2024,10,DE,EUR,281500.0,331200.0,447100.0
2024,10,ES,EUR,196400.0,231100.0,312000.0
2024,10,FR,EUR,255300.0,300400.0,405500.0
2024,10,GB,GBP,236000.0,277600.0,374800.0
2024,10,IE,EUR,268400.0,315800.0,426300.0
2024,10,IN,INR,7257100.0,8537800.0,11526000.0
2024,10,JP,JPY,30578200.0,35974400.0,48565400.0
2024,10,KR,KRW,274300600.0,322706600.0,435653900.0
2024,10,MX,MXN,2333200.0,2744900.0,3705600.0
2024,10,NL,EUR,275000.0,323500.0,436700.0
2024,10,PH,PHP,4863900.0,5722200.0,7725000.0
2024,10,PL,PLN,706300.0,830900.0,1121700.0
2024,10,PT,EUR,163600.0,192500.0,259900.0
2024,10,SE,SEK,2669300.0,3140400.0,4239500.0
2024,10,SG,SGD,407700.0,479700.0,647600.0
2024,10,US,USD,340000.0,400000.0,540000.0
2024,10,ZA,ZAR,2005000.0,2358800.0,3184400.0
2024,11,AE,AED,1168800.0,1375000.0,1856300.0
2024,11,AU,AUD,498200.0,586100.0,791200.0
2024,11,BR,BRL,766900.0,902200.0,1218000.0
2024,11,CA,CAD,411300.0,483900.0,653300.0
2024,11,CH,CHF,438200.0,515500.0,695900.0
2024,11,DE,EUR,337800.0,397400.0,536500.0
2024,11,ES,EUR,235700.0,277300.0,374400.0
2024,11,FR,EUR,306400.0,360500.0,486700.0
2024,11,GB,GBP,283100.0,333100.0,449700.0
2024,11,IE,EUR,322100.0,378900.0,511500.0
2024,11,IN,INR,8708600.0,10245400.0,13831300.0
2024,11,JP,JPY,36693800.0,43169200.0,58278400.0
2024,11,KR,KRW,329160700.0,387247900.0,522784700.0
2024,11,MX,MXN,2799800.0,3293900.0,4446800.0
2024,11,NL,EUR,330000.0,388200.0,524100.0
2024,11,PH,PHP,5836600.0,6866600.0,9269900.0
2024,11,PL,PLN,847500.0,997100.0,1346100.0
2024,11,PT,EUR,196400.0,231100.0,312000.0
2024,11,SE,SEK,3203200.0,3768500.0,5087500.0
2024,11,SG,SGD,489300.0,575600.0,777100.0
2024,11,US,USD,408000.0,480000.0,648000.0
2024,11,ZA,ZAR,2405900.0,2830500.0,3821200.0
2024,12,AE,AED,1582700.0,1862000.0,2513700.0
2024,12,AU,AUD,674600.0,793700.0,1071500.0
2024,12,BR,BRL,1038400.0,1221700.0,1649300.0
2024,12,CA,CAD,557000.0,655300.0,884700.0
2024,12,CH,CHF,593400.0,698100.0,942400.0
2024,12,DE,EUR,457500.0,538200.0,726600.0
2024,12,ES,EUR,319200.0,375500.0,506900.0
2024,12,FR,EUR,414900.0,488100.0,658900.0
2024,12,GB,GBP,383400.0,451100.0,609000.0
2024,12,IE,EUR,436100.0,513100.0,692700.0
2024,12,IN,INR,11792800.0,13873900.0,18729800.0
2024,12,JP,JPY,49689600.0,58458300.0,78918700.0
2024,12,KR,KRW,445738500.0,524398200.0,707937600.0
2024,12,MX,MXN,3791300.0,4460400.0,6021500.0
2024,12,NL,EUR,446800.0,525700.0,709700.0
2024,12,PH,PHP,7903700.0,9298500.0,12553000.0
2024,12,PL,PLN,1147700.0,1350200.0,1822800.0
2024,12,PT,EUR,266000.0,312900.0,422400.0
2024,12,SE,SEK,4337600.0,5103100.0,6889200.0
2024,12,SG,SGD,662500.0,779400.0,1052200.0
2024,12,US,USD,552500.0,650000.0,877500.0
2024,12,ZA,ZAR,3258000.0,3833000.0,5174600.0
2025,1,AE,AED,158300.0,186200.0,251400.0
2025,1,AU,AUD,67500.0,79400.0,107200.0
2025,1,BR,BRL,103900.0,122200.0,165000.0
2025,1,CA,CAD,55700.0,65500.0,88400.0
2025,1,CH,CHF,59300.0,69800.0,94200.0
2025,1,DE,EUR,45700.0,53800.0,72600.0
2025,1,ES,EUR,31900.0,37500.0,50600.0
2025,1,FR,EUR,41500.0,48800.0,65900.0
2025,1,GB,GBP,38300.0,45100.0,60900.0
2025,1,IE,EUR,43600.0,51300.0,69300.0
2025,1,IN,INR,1179300.0,1387400.0,1873000.0
2025,1,JP,JPY,4968900.0,5845800.0,7891800.0
2025,1,KR,KRW,44573800.0,52439800.0,70793700.0
2025,1,MX,MXN,379100.0,446000.0,602100.0
2025,1,NL,EUR,44700.0,52600.0,71000.0
2025,1,PH,PHP,790300.0,929800.0,1255200.0
2025,1,PL,PLN,114800.0,135000.0,182200.0
2025,1,PT,EUR,26600.0,31300.0,42300.0
2025,1,SE,SEK,433800.0,510300.0,688900.0
2025,1,SG,SGD,66200.0,77900.0,105200.0
2025,1,US,USD,55200.0,65000.0,87800.0
2025,1,ZA,ZAR,325800.0,383300.0,517500.0
2025,2,AE,AED,199700.0,234900.0,317100.0
2025,2,AU,AUD,85100.0,100100.0,135100.0
2025,2,BR,BRL,131000.0,154100.0,208000.0
2025,2,CA,CAD,70300.0,82700.0,111600.0
2025,2,CH,CHF,74900.0,88100.0,118900.0
2025,2,DE,EUR,57700.0,67900.0,91700.0
2025,2,ES,EUR,40300.0,47400.0,64000.0
2025,2,FR,EUR,52400.0,61600.0,83200.0
2025,2,GB,GBP,48400.0,56900.0,76800.0
2025,2,IE,EUR,55000.0,64700.0,87300.0
2025,2,IN,INR,1487700.0,1750200.0,2362800.0
2025,2,JP,JPY,6268500.0,7374700.0,9955800.0
2025,2,KR,KRW,56231600.0,66154800.0,89309000.0
2025,2,MX,MXN,478300.0,562700.0,759600.0
2025,2,NL,EUR,56400.0,66300.0,89500.0
2025,2,PH,PHP,997000.0,1173000.0,1583600.0
2025,2,PL,PLN,144800.0,170300.0,229900.0
2025,2,PT,EUR,33600.0,39500.0,53300.0
2025,2,SE,SEK,547200.0,643800.0,869100.0
2025,2,SG,SGD,83600.0,98300.0,132700.0
2025,2,US,USD,69700.0,82000.0,110700.0
2025,2,ZA,ZAR,411000.0,483500.0,652700.0
2025,3,AE,AED,248400.0,292200.0,394500.0
2025,3,AU,AUD,105800.0,124500.0,168100.0
2025,3,BR,BRL,162900.0,191700.0,258800.0
2025,3,CA,CAD,87400.0,102800.0,138800.0
2025,3,CH,CHF,93100.0,109500.0,147800.0
2025,3,DE,EUR,71800.0,84500.0,114100.0
2025,3,ES,EUR,50100.0,58900.0,79500.0
2025,3,FR,EUR,65100.0,76600.0,103400.0
2025,3,GB,GBP,60200.0,70800.0,95600.0
2025,3,IE,EUR,68400.0,80500.0,108700.0
2025,3,IN,INR,1850500.0,2177100.0,2939100.0
2025,3,JP,JPY,7797500.0,9173500.0,12384200.0
2025,3,KR,KRW,69946700.0,82290200.0,111091800.0
2025,3,MX,MXN,594900.0,699900.0,944900.0
2025,3,NL,EUR,70100.0,82500.0,111400.0
2025,3,PH,PHP,1240200.0,1459100.0,1969800.0
2025,3,PL,PLN,180100.0,211900.0,286100.0
2025,3,PT,EUR,41700.0,49100.0,66300.0
2025,3,SE,SEK,680700.0,800800.0,1081100.0
2025,3,SG,SGD,104000.0,122300.0,165100.0
2025,3,US,USD,86700.0,102000.0,137700.0
2025,3,ZA,ZAR,511300.0,601500.0,812000.0
2025,4,AE,AED,304400.0,358100.0,483400.0
2025,4,AU,AUD,129700.0,152600.0,206000.0
2025,4,BR,BRL,199700.0,234900.0,317100.0
2025,4,CA,CAD,107100.0,126000.0,170100.0
2025,4,CH,CHF,114100.0,134200.0,181200.0
2025,4,DE,EUR,88000.0,103500.0,139700.0
2025,4,ES,EUR,61400.0,72200.0,97500.0
2025,4,FR,EUR,79800.0,93900.0,126800.0
2025,4,GB,GBP,73800.0,86800.0,117200.0
2025,4,IE,EUR,83900.0,98700.0,133200.0
2025,4,IN,INR,2267900.0,2668100.0,3601900.0
2025,4,JP,JPY,9555700.0,11242000.0,15176700.0
2025,4,KR,KRW,85718900.0,100845800.0,136141800.0
2025,4,MX,MXN,729100.0,857800.0,1158000.0
2025,4,NL,EUR,85900.0,101100.0,136500.0
2025,4,PH,PHP,1520000.0,1788200.0,2414100.0
2025,4,PL,PLN,220700.0,259600.0,350500.0
2025,4,PT,EUR,51200.0,60200.0,81300.0
2025,4,SE,SEK,834200.0,981400.0,1324900.0
2025,4,SG,SGD,127400.0,149900.0,202400.0
2025,4,US,USD,106200.0,125000.0,168800.0
2025,4,ZA,ZAR,626500.0,737100.0,995100.0
2025,5,AE,AED,365200.0,429700.0,580100.0
2025,5,AU,AUD,155700.0,183200.0,247300.0
2025,5,BR,BRL,239600.0,281900.0,380600.0
2025,5,CA,CAD,128500.0,151200.0,204100.0
2025,5,CH,CHF,136900.0,161100.0,217500.0
2025,5,DE,EUR,105600.0,124200.0,167700.0
2025,5,ES,EUR,73600.0,86600.0,116900.0
2025,5,FR,EUR,95700.0,112600.0,152000.0
2025,5,GB,GBP,88500.0,104100.0,140500.0
2025,5,IE,EUR,100600.0,118400.0,159800.0
2025,5,IN,INR,2721400.0,3201700.0,4322300.0
2025,5,JP,JPY,11466800.0,13490400.0,18212000.0
2025,5,KR,KRW,102862800.0,121015000.0,163370200.0
2025,5,MX,MXN,874900.0,1029300.0,1389600.0
2025,5,NL,EUR,103100.0,121300.0,163800.0
2025,5,PH,PHP,1823900.0,2145800.0,2896800.0
2025,5,PL,PLN,264900.0,311600.0,420700.0
2025,5,PT,EUR,61400.0,72200.0,97500.0
2025,5,SE,SEK,1001000.0,1177600.0,1589800.0
2025,5,SG,SGD,152900.0,179900.0,242900.0
2025,5,US,USD,127500.0,150000.0,202500.0
2025,5,ZA,ZAR,751800.0,884500.0,1194100.0
2025,6,AE,AED,438300.0,515600.0,696100.0
2025,6,AU,AUD,186800.0,219800.0,296700.0
2025,6,BR,BRL,287600.0,338300.0,456700.0
2025,6,CA,CAD,154300.0,181500.0,245000.0
2025,6,CH,CHF,164300.0,193300.0,261000.0
2025,6,DE,EUR,126600.0,149000.0,201200.0
2025,6,ES,EUR,88400.0,104000.0,140400.0
2025,6,FR,EUR,114900.0,135200.0,182500.0
2025,6,GB,GBP,106200.0,124900.0,168600.0
2025,6,IE,EUR,120800.0,142100.0,191800.0
2025,6,IN,INR,3265700.0,3842000.0,5186700.0
2025,6,JP,JPY,13760200.0,16188500.0,21854500.0
2025,6,KR,KRW,123435300.0,145218000.0,196044300.0
2025,6,MX,MXN,1049900.0,1235200.0,1667500.0
2025,6,NL,EUR,123800.0,145600.0,196600.0
2025,6,PH,PHP,2188800.0,2575000.0,3476200.0
2025,6,PL,PLN,317800.0,373900.0,504800.0
2025,6,PT,EUR,73600.0,86600.0,116900.0
2025,6,SE,SEK,1201200.0,1413200.0,1907800.0
2025,6,SG,SGD,183400.0,215800.0,291300.0
2025,6,US,USD,153000.0,180000.0,243000.0
2025,6,ZA,ZAR,902200.0,1061400.0,1432900.0
2025,7,AE,AED,535700.0,630200.0,850800.0
2025,7,AU,AUD,228300.0,268600.0,362600.0
2025,7,BR,BRL,351500.0,413500.0,558200.0
2025,7,CA,CAD,188500.0,221800.0,299400.0
2025,7,CH,CHF,200900.0,236300.0,319000.0
2025,7,DE,EUR,154900.0,182200.0,246000.0
2025,7,ES,EUR,108000.0,127100.0,171600.0
2025,7,FR,EUR,140400.0,165200.0,223000.0
2025,7,GB,GBP,129800.0,152700.0,206100.0
2025,7,IE,EUR,147600.0,173700.0,234500.0
2025,7,IN,INR,3991400.0,4695800.0,6339300.0
2025,7,JP,JPY,16818000.0,19785900.0,26711000.0
2025,7,KR,KRW,150865300.0,177488600.0,239609600.0
2025,7,MX,MXN,1283200.0,1509700.0,2038100.0
2025,7,NL,EUR,151200.0,177900.0,240200.0
2025,7,PH,PHP,2675100.0,3147200.0,4248700.0
2025,7,PL,PLN,388400.0,457000.0,617000.0
2025,7,PT,EUR,90000.0,105900.0,143000.0
2025,7,SE,SEK,1468100.0,1727200.0,2331700.0
2025,7,SG,SGD,224200.0,263800.0,356100.0
2025,7,US,USD,187000.0,220000.0,297000.0
2025,7,ZA,ZAR,1102700.0,1297300.0,1751400.0
2025,8,AE,AED,645200.0,759100.0,1024800.0
2025,8,AU,AUD,275100.0,323600.0,436900.0
2025,8,BR,BRL,423400.0,498100.0,672400.0
2025,8,CA,CAD,227100.0,267200.0,360700.0
2025,8,CH,CHF,241900.0,284600.0,384200.0
2025,8,DE,EUR,186500.0,219400.0,296200.0
2025,8,ES,EUR,130100.0,153100.0,206700.0
2025,8,FR,EUR,169200.0,199000.0,268600.0
2025,8,GB,GBP,156300.0,183900.0,248300.0
2025,8,IE,EUR,177800.0,209200.0,282400.0
2025,8,IN,INR,4807900.0,5656300.0,7636000.0
2025,8,JP,JPY,20258000.0,23833000.0,32174600.0
2025,8,KR,KRW,181724100.0,213793100.0,288620700.0
2025,8,MX,MXN,1545700.0,1818500.0,2455000.0
2025,8,NL,EUR,182200.0,214300.0,289300.0
2025,8,PH,PHP,3222300.0,3790900.0,5117700.0
2025,8,PL,PLN,467900.0,550500.0,743200.0
2025,8,PT,EUR,108500.0,127600.0,172300.0
2025,8,SE,SEK,1768400.0,2080500.0,2808700.0
2025,8,SG,SGD,270100.0,317800.0,429000.0
2025,8,US,USD,225200.0,265000.0,357800.0
2025,8,ZA,ZAR,1328300.0,1562700.0,2109600.0
2025,9,AE,AED,779200.0,916700.0,1237500.0
2025,9,AU,AUD,332100.0,390700.0,527400.0
2025,9,BR,BRL,511200.0,601400.0,811900.0
2025,9,CA,CAD,274200.0,322600.0,435500.0
2025,9,CH,CHF,292100.0,343700.0,464000.0
2025,9,DE,EUR,225200.0,264900.0,357600.0
2025,9,ES,EUR,157100.0,184800.0,249500.0
2025,9,FR,EUR,204300.0,240300.0,324400.0
2025,9,GB,GBP,188800.0,222100.0,299800.0
2025,9,IE,EUR,214700.0,252600.0,341000.0
2025,9,IN,INR,5805700.0,6830200.0,9220800.0
2025,9,JP,JPY,24462600.0,28779500.0,38852300.0
2025,9,KR,KRW,219440500.0,258165300.0,348523200.0
2025,9,MX,MXN,1866500.0,2195900.0,2964500.0
2025,9,NL,EUR,220000.0,258800.0,349400.0
2025,9,PH,PHP,3891000.0,4577700.0,6179900.0
2025,9,PL,PLN,565000.0,664700.0,897300.0
2025,9,PT,EUR,130900.0,154000.0,207900.0
2025,9,SE,SEK,2135500.0,2512300.0,3391600.0
2025,9,SG,SGD,326100.0,383700.0,518000.0
2025,9,US,USD,272000.0,320000.0,432000.0
2025,9,ZA,ZAR,1604000.0,1887000.0,2547400.0
2025,10,AE,AED,973900.0,1145800.0,1546800.0
2025,10,AU,AUD,415100.0,488400.0,659300.0
2025,10,BR,BRL,639000.0,751800.0,1014900.0
2025,10,CA,CAD,342800.0,403300.0,544500.0
2025,10,CH,CHF,365200.0,429600.0,580000.0
2025,10,DE,EUR,281500.0,331200.0,447100.0
2025,10,ES,EUR,196400.0,231100.0,312000.0
2025,10,FR,EUR,255300.0,300400.0,405500.0
2025,10,GB,GBP,236000.0,277600.0,374800.0
2025,10,IE,EUR,268400.0,315800.0,426300.0
2025,10,IN,INR,7257100.0,8537800.0,11526000.0
2025,10,JP,JPY,30578200.0,35974400.0,48565400.0
2025,10,KR,KRW,274300600.0,322706600.0,435653900.0
2025,10,MX,MXN,2333200.0,2744900.0,3705600.0
2025,10,NL,EUR,275000.0,323500.0,436700.0
2025,10,PH,PHP,4863900.0,5722200.0,7725000.0
2025,10,PL,PLN,706300.0,830900.0,1121700.0
2025,10,PT,EUR,163600.0,192500.0,259900.0
2025,10,SE,SEK,2669300.0,3140400.0,4239500.0
2025,10,SG,SGD,407700.0,479700.0,647600.0
2025,10,US,USD,340000.0,400000.0,540000.0
2025,10,ZA,ZAR,2005000.0,2358800.0,3184400.0
2025,11,AE,AED,1168800.0,1375000.0,1856300.0
2025,11,AU,AUD,498200.0,586100.0,791200.0
2025,11,BR,BRL,766900.0,902200.0,1218000.0
2025,11,CA,CAD,411300.0,483900.0,653300.0
2025,11,CH,CHF,438200.0,515500.0,695900.0
2025,11,DE,EUR,337800.0,397400.0,536500.0
2025,11,ES,EUR,235700.0,277300.0,374400.0
2025,11,FR,EUR,306400.0,360500.0,486700.0
2025,11,GB,GBP,283100.0,333100.0,449700.0
2025,11,IE,EUR,322100.0,378900.0,511500.0
2025,11,IN,INR,8708600.0,10245400.0,13831300.0
2025,11,JP,JPY,36693800.0,43169200.0,58278400.0
2025,11,KR,KRW,329160700.0,387247900.0,522784700.0
2025,11,MX,MXN,2799800.0,3293900.0,4446800.0
2025,11,NL,EUR,330000.0,388200.0,524100.0
2025,11,PH,PHP,5836600.0,6866600.0,9269900.0
2025,11,PL,PLN,847500.0,997100.0,1346100.0
2025,11,PT,EUR,196400.0,231100.0,312000.0
2025,11,SE,SEK,3203200.0,3768500.0,5087500.0
2025,11,SG,SGD,489300.0,575600.0,777100.0
2025,11,US,USD,408000.0,480000.0,648000.0
2025,11,ZA,ZAR,2405900.0,2830500.0,3821200.0
2025,12,AE,AED,1582700.0,1862000.0,2513700.0
2025,12,AU,AUD,674600.0,793700.0,1071500.0
2025,12,BR,BRL,1038400.0,1221700.0,1649300.0
2025,12,CA,CAD,557000.0,655300.0,884700.0
2025,12,CH,CHF,593400.0,698100.0,942400.0
2025,12,DE,EUR,457500.0,538200.0,726600.0
2025,12,ES,EUR,319200.0,375500.0,506900.0
2025,12,FR,EUR,414900.0,488100.0,658900.0
2025,12,GB,GBP,383400.0,451100.0,609000.0
2025,12,IE,EUR,436100.0,513100.0,692700.0
2025,12,IN,INR,11792800.0,13873900.0,18729800.0
2025,12,JP,JPY,49689600.0,58458300.0,78918700.0
2025,12,KR,KRW,445738500.0,524398200.0,707937600.0
2025,12,MX,MXN,3791300.0,4460400.0,6021500.0
2025,12,NL,EUR,446800.0,525700.0,709700.0
2025,12,PH,PHP,7903700.0,9298500.0,12553000.0
2025,12,PL,PLN,1147700.0,1350200.0,1822800.0
2025,12,PT,EUR,266000.0,312900.0,422400.0
2025,12,SE,SEK,4337600.0,5103100.0,6889200.0
2025,12,SG,SGD,662500.0,779400.0,1052200.0
2025,12,US,USD,552500.0,650000.0,877500.0
2025,12,ZA,ZAR,3258000.0,3833000.0,5174600.0
2026,1,AE,AED,158300.0,186200.0,251400.0
2026,1,AU,AUD,67500.0,79400.0,107200.0
2026,1,BR,BRL,103900.0,122200.0,165000.0
2026,1,CA,CAD,55700.0,65500.0,88400.0
2026,1,CH,CHF,59300.0,69800.0,94200.0
2026,1,DE,EUR,45700.0,53800.0,72600.0
2026,1,ES,EUR,31900.0,37500.0,50600.0
2026,1,FR,EUR,41500.0,48800.0,65900.0
2026,1,GB,GBP,38300.0,45100.0,60900.0
2026,1,IE,EUR,43600.0,51300.0,69300.0
2026,1,IN,INR,1179300.0,1387400.0,1873000.0
2026,1,JP,JPY,4968900.0,5845800.0,7891800.0
2026,1,KR,KRW,44573800.0,52439800.0,70793700.0
2026,1,MX,MXN,379100.0,446000.0,602100.0
2026,1,NL,EUR,44700.0,52600.0,71000.0
2026,1,PH,PHP,790300.0,929800.0,1255200.0
2026,1,PL,PLN,114800.0,135000.0,182200.0
2026,1,PT,EUR,26600.0,31300.0,42300.0
2026,1,SE,SEK,433800.0,510300.0,688900.0
2026,1,SG,SGD,66200.0,77900.0,105200.0
2026,1,US,USD,55200.0,65000.0,87800.0
2026,1,ZA,ZAR,325800.0,383300.0,517500.0
2026,2,AE,AED,199700.0,234900.0,317100.0
2026,2,AU,AUD,85100.0,100100.0,135100.0
2026,2,BR,BRL,131000.0,154100.0,208000.0
2026,2,CA,CAD,70300.0,82700.0,111600.0
2026,2,CH,CHF,74900.0,88100.0,118900.0
2026,2,DE,EUR,57700.0,67900.0,91700.0
2026,2,ES,EUR,40300.0,47400.0,64000.0
2026,2,FR,EUR,52400.0,61600.0,83200.0
2026,2,GB,GBP,48400.0,56900.0,76800.0
2026,2,IE,EUR,55000.0,64700.0,87300.0
2026,2,IN,INR,1487700.0,1750200.0,2362800.0
2026,2,JP,JPY,6268500.0,7374700.0,9955800.0
2026,2,KR,KRW,56231600.0,66154800.0,89309000.0
2026,2,MX,MXN,478300.0,562700.0,759600.0
2026,2,NL,EUR,56400.0,66300.0,89500.0
2026,2,PH,PHP,997000.0,1173000.0,1583600.0
2026,2,PL,PLN,144800.0,170300.0,229900.0
2026,2,PT,EUR,33600.0,39500.0,53300.0
2026,2,SE,SEK,547200.0,643800.0,869100.0
2026,2,SG,SGD,83600.0,98300.0,132700.0
2026,2,US,USD,69700.0,82000.0,110700.0
2026,2,ZA,ZAR,411000.0,483500.0,652700.0
2026,3,AE,AED,248400.0,292200.0,394500.0
2026,3,AU,AUD,105800.0,124500.0,168100.0
2026,3,BR,BRL,162900.0,191700.0,258800.0
2026,3,CA,CAD,87400.0,102800.0,138800.0
2026,3,CH,CHF,93100.0,109500.0,147800.0
2026,3,DE,EUR,71800.0,84500.0,114100.0
2026,3,ES,EUR,50100.0,58900.0,79500.0
2026,3,FR,EUR,65100.0,76600.0,103400.0
2026,3,GB,GBP,60200.0,70800.0,95600.0
2026,3,IE,EUR,68400.0,80500.0,108700.0
2026,3,IN,INR,1850500.0,2177100.0,2939100.0
2026,3,JP,JPY,7797500.0,9173500.0,12384200.0
2026,3,KR,KRW,69946700.0,82290200.0,111091800.0
2026,3,MX,MXN,594900.0,699900.0,944900.0
2026,3,NL,EUR,70100.0,82500.0,111400.0
2026,3,PH,PHP,1240200.0,1459100.0,1969800.0
2026,3,PL,PLN,180100.0,211900.0,286100.0
2026,3,PT,EUR,41700.0,49100.0,66300.0
2026,3,SE,SEK,680700.0,800800.0,1081100.0
2026,3,SG,SGD,104000.0,122300.0,165100.0
2026,3,US,USD,86700.0,102000.0,137700.0
2026,3,ZA,ZAR,511300.0,601500.0,812000.0
2026,4,AE,AED,304400.0,358100.0,483400.0
2026,4,AU,AUD,129700.0,152600.0,206000.0
2026,4,BR,BRL,199700.0,234900.0,317100.0
2026,4,CA,CAD,107100.0,126000.0,170100.0
2026,4,CH,CHF,114100.0,134200.0,181200.0
2026,4,DE,EUR,88000.0,103500.0,139700.0
2026,4,ES,EUR,61400.0,72200.0,97500.0
2026,4,FR,EUR,79800.0,93900.0,126800.0
2026,4,GB,GBP,73800.0,86800.0,117200.0
2026,4,IE,EUR,83900.0,98700.0,133200.0
2026,4,IN,INR,2267900.0,2668100.0,3601900.0
2026,4,JP,JPY,9555700.0,11242000.0,15176700.0
2026,4,KR,KRW,85718900.0,100845800.0,136141800.0
2026,4,MX,MXN,729100.0,857800.0,1158000.0
2026,4,NL,EUR,85900.0,101100.0,136500.0
2026,4,PH,PHP,1520000.0,1788200.0,2414100.0
2026,4,PL,PLN,220700.0,259600.0,350500.0
2026,4,PT,EUR,51200.0,60200.0,81300.0
2026,4,SE,SEK,834200.0,981400.0,1324900.0
2026,4,SG,SGD,127400.0,149900.0,202400.0
2026,4,US,USD,106200.0,125000.0,168800.0
2026,4,ZA,ZAR,626500.0,737100.0,995100.0
2026,5,AE,AED,365200.0,429700.0,580100.0
2026,5,AU,AUD,155700.0,183200.0,247300.0
2026,5,BR,BRL,239600.0,281900.0,380600.0
2026,5,CA,CAD,128500.0,151200.0,204100.0
2026,5,CH,CHF,136900.0,161100.0,217500.0
2026,5,DE,EUR,105600.0,124200.0,167700.0
2026,5,ES,EUR,73600.0,86600.0,116900.0
2026,5,FR,EUR,95700.0,112600.0,152000.0
2026,5,GB,GBP,88500.0,104100.0,140500.0
2026,5,IE,EUR,100600.0,118400.0,159800.0
2026,5,IN,INR,2721400.0,3201700.0,4322300.0
2026,5,JP,JPY,11466800.0,13490400.0,18212000.0
2026,5,KR,KRW,102862800.0,121015000.0,163370200.0
2026,5,MX,MXN,874900.0,1029300.0,1389600.0
2026,5,NL,EUR,103100.0,121300.0,163800.0
2026,5,PH,PHP,1823900.0,2145800.0,2896800.0
2026,5,PL,PLN,264900.0,311600.0,420700.0
2026,5,PT,EUR,61400.0,72200.0,97500.0
2026,5,SE,SEK,1001000.0,1177600.0,1589800.0
2026,5,SG,SGD,152900.0,179900.0,242900.0
2026,5,US,USD,127500.0,150000.0,202500.0
2026,5,ZA,ZAR,751800.0,884500.0,1194100.0
2026,6,AE,AED,438300.0,515600.0,696100.0
2026,6,AU,AUD,186800.0,219800.0,296700.0
2026,6,BR,BRL,287600.0,338300.0,456700.0
2026,6,CA,CAD,154300.0,181500.0,245000.0
2026,6,CH,CHF,164300.0,193300.0,261000.0
2026,6,DE,EUR,126600.0,149000.0,201200.0
2026,6,ES,EUR,88400.0,104000.0,140400.0
2026,6,FR,EUR,114900.0,135200.0,182500.0
2026,6,GB,GBP,106200.0,124900.0,168600.0
2026,6,IE,EUR,120800.0,142100.0,191800.0
2026,6,IN,INR,3265700.0,3842000.0,5186700.0
2026,6,JP,JPY,13760200.0,16188500.0,21854500.0
2026,6,KR,KRW,123435300.0,145218000.0,196044300.0
2026,6,MX,MXN,1049900.0,1235200.0,1667500.0
2026,6,NL,EUR,123800.0,145600.0,196600.0
2026,6,PH,PHP,2188800.0,2575000.0,3476200.0
2026,6,PL,PLN,317800.0,373900.0,504800.0
2026,6,PT,EUR,73600.0,86600.0,116900.0
2026,6,SE,SEK,1201200.0,1413200.0,1907800.0
2026,6,SG,SGD,183400.0,215800.0,291300.0
2026,6,US,USD,153000.0,180000.0,243000.0
2026,6,ZA,ZAR,902200.0,1061400.0,1432900.0
2026,7,AE,AED,535700.0,630200.0,850800.0
2026,7,AU,AUD,228300.0,268600.0,362600.0
2026,7,BR,BRL,351500.0,413500.0,558200.0
2026,7,CA,CAD,188500.0,221800.0,299400.0
2026,7,CH,CHF,200900.0,236300.0,319000.0
2026,7,DE,EUR,154900.0,182200.0,246000.0
2026,7,ES,EUR,108000.0,127100.0,171600.0
2026,7,FR,EUR,140400.0,165200.0,223000.0
2026,7,GB,GBP,129800.0,152700.0,206100.0
2026,7,IE,EUR,147600.0,173700.0,234500.0
2026,7,IN,INR,3991400.0,4695800.0,6339300.0
2026,7,JP,JPY,16818000.0,19785900.0,26711000.0
2026,7,KR,KRW,150865300.0,177488600.0,239609600.0
2026,7,MX,MXN,1283200.0,1509700.0,2038100.0
2026,7,NL,EUR,151200.0,177900.0,240200.0
2026,7,PH,PHP,2675100.0,3147200.0,4248700.0
2026,7,PL,PLN,388400.0,457000.0,617000.0
2026,7,PT,EUR,90000.0,105900.0,143000.0
2026,7,SE,SEK,1468100.0,1727200.0,2331700.0
2026,7,SG,SGD,224200.0,263800.0,356100.0
2026,7,US,USD,187000.0,220000.0,297000.0
2026,7,ZA,ZAR,1102700.0,1297300.0,1751400.0
2026,8,AE,AED,645200.0,759100.0,1024800.0
2026,8,AU,AUD,275100.0,323600.0,436900.0
2026,8,BR,BRL,423400.0,498100.0,672400.0
2026,8,CA,CAD,227100.0,267200.0,360700.0
2026,8,CH,CHF,241900.0,284600.0,384200.0
2026,8,DE,EUR,186500.0,219400.0,296200.0
2026,8,ES,EUR,130100.0,153100.0,206700.0
2026,8,FR,EUR,169200.0,199000.0,268600.0
2026,8,GB,GBP,156300.0,183900.0,248300.0
2026,8,IE,EUR,177800.0,209200.0,282400.0
2026,8,IN,INR,4807900.0,5656300.0,7636000.0
2026,8,JP,JPY,20258000.0,23833000.0,32174600.0
2026,8,KR,KRW,181724100.0,213793100.0,288620700.0
2026,8,MX,MXN,1545700.0,1818500.0,2455000.0
2026,8,NL,EUR,182200.0,214300.0,289300.0
2026,8,PH,PHP,3222300.0,3790900.0,5117700.0
2026,8,PL,PLN,467900.0,550500.0,743200.0
2026,8,PT,EUR,108500.0,127600.0,172300.0
2026,8,SE,SEK,1768400.0,2080500.0,2808700.0
2026,8,SG,SGD,270100.0,317800.0,429000.0
2026,8,US,USD,225200.0,265000.0,357800.0
2026,8,ZA,ZAR,1328300.0,1562700.0,2109600.0
2026,9,AE,AED,779200.0,916700.0,1237500.0
2026,9,AU,AUD,332100.0,390700.0,527400.0
2026,9,BR,BRL,511200.0,601400.0,811900.0
2026,9,CA,CAD,274200.0,322600.0,435500.0
2026,9,CH,CHF,292100.0,343700.0,464000.0
2026,9,DE,EUR,225200.0,264900.0,357600.0
2026,9,ES,EUR,157100.0,184800.0,249500.0
2026,9,FR,EUR,204300.0,240300.0,324400.0
2026,9,GB,GBP,188800.0,222100.0,299800.0
2026,9,IE,EUR,214700.0,252600.0,341000.0
2026,9,IN,INR,5805700.0,6830200.0,9220800.0
2026,9,JP,JPY,24462600.0,28779500.0,38852300.0
2026,9,KR,KRW,219440500.0,258165300.0,348523200.0
2026,9,MX,MXN,1866500.0,2195900.0,2964500.0
2026,9,NL,EUR,220000.0,258800.0,349400.0
2026,9,PH,PHP,3891000.0,4577700.0,6179900.0
2026,9,PL,PLN,565000.0,664700.0,897300.0
2026,9,PT,EUR,130900.0,154000.0,207900.0
2026,9,SE,SEK,2135500.0,2512300.0,3391600.0
2026,9,SG,SGD,326100.0,383700.0,518000.0
2026,9,US,USD,272000.0,320000.0,432000.0
2026,9,ZA,ZAR,1604000.0,1887000.0,2547400.0
2026,10,AE,AED,973900.0,1145800.0,1546800.0
2026,10,AU,AUD,415100.0,488400.0,659300.0
2026,10,BR,BRL,639000.0,751800.0,1014900.0
2026,10,CA,CAD,342800.0,403300.0,544500.0
2026,10,CH,CHF,365200.0,429600.0,580000.0
2026,10,DE,EUR,281500.0,331200.0,447100.0
2026,10,ES,EUR,196400.0,231100.0,312000.0
2026,10,FR,EUR,255300.0,300400.0,405500.0
2026,10,GB,GBP,236000.0,277600.0,374800.0
2026,10,IE,EUR,268400.0,315800.0,426300.0
2026,10,IN,INR,7257100.0,8537800.0,11526000.0
2026,10,JP,JPY,30578200.0,35974400.0,48565400.0
2026,10,KR,KRW,274300600.0,322706600.0,435653900.0
2026,10,MX,MXN,2333200.0,2744900.0,3705600.0
2026,10,NL,EUR,275000.0,323500.0,436700.0
2026,10,PH,PHP,4863900.0,5722200.0,7725000.0
2026,10,PL,PLN,706300.0,830900.0,1121700.0
2026,10,PT,EUR,163600.0,192500.0,259900.0
2026,10,SE,SEK,2669300.0,3140400.0,4239500.0
2026,10,SG,SGD,407700.0,479700.0,647600.0
2026,10,US,USD,340000.0,400000.0,540000.0
2026,10,ZA,ZAR,2005000.0,2358800.0,3184400.0
2026,11,AE,AED,1168800.0,1375000.0,1856300.0
2026,11,AU,AUD,498200.0,586100.0,791200.0
2026,11,BR,BRL,766900.0,902200.0,1218000.0
2026,11,CA,CAD,411300.0,483900.0,653300.0
2026,11,CH,CHF,438200.0,515500.0,695900.0
2026,11,DE,EUR,337800.0,397400.0,536500.0
2026,11,ES,EUR,235700.0,277300.0,374400.0
2026,11,FR,EUR,306400.0,360500.0,486700.0
2026,11,GB,GBP,283100.0,333100.0,449700.0
2026,11,IE,EUR,322100.0,378900.0,511500.0
2026,11,IN,INR,8708600.0,10245400.0,13831300.0
2026,11,JP,JPY,36693800.0,43169200.0,58278400.0
2026,11,KR,KRW,329160700.0,387247900.0,522784700.0
2026,11,MX,MXN,2799800.0,3293900.0,4446800.0
2026,11,NL,EUR,330000.0,388200.0,524100.0
2026,11,PH,PHP,5836600.0,6866600.0,9269900.0
2026,11,PL,PLN,847500.0,997100.0,1346100.0
2026,11,PT,EUR,196400.0,231100.0,312000.0
2026,11,SE,SEK,3203200.0,3768500.0,5087500.0
2026,11,SG,SGD,489300.0,575600.0,777100.0
2026,11,US,USD,408000.0,480000.0,648000.0
2026,11,ZA,ZAR,2405900.0,2830500.0,3821200.0
2026,12,AE,AED,1582700.0,1862000.0,2513700.0
2026,12,AU,AUD,674600.0,793700.0,1071500.0
2026,12,BR,BRL,1038400.0,1221700.0,1649300.0
2026,12,CA,CAD,557000.0,655300.0,884700.0
2026,12,CH,CHF,593400.0,698100.0,942400.0
2026,12,DE,EUR,457500.0,538200.0,726600.0
2026,12,ES,EUR,319200.0,375500.0,506900.0
2026,12,FR,EUR,414900.0,488100.0,658900.0
2026,12,GB,GBP,383400.0,451100.0,609000.0
2026,12,IE,EUR,436100.0,513100.0,692700.0
2026,12,IN,INR,11792800.0,13873900.0,18729800.0
2026,12,JP,JPY,49689600.0,58458300.0,78918700.0
2026,12,KR,KRW,445738500.0,524398200.0,707937600.0
2026,12,MX,MXN,3791300.0,4460400.0,6021500.0
2026,12,NL,EUR,446800.0,525700.0,709700.0
2026,12,PH,PHP,7903700.0,9298500.0,12553000.0
2026,12,PL,PLN,1147700.0,1350200.0,1822800.0
2026,12,PT,EUR,266000.0,312900.0,422400.0
2026,12,SE,SEK,4337600.0,5103100.0,6889200.0
2026,12,SG,SGD,662500.0,779400.0,1052200.0
2026,12,US,USD,552500.0,650000.0,877500.0
2026,12,ZA,ZAR,3258000.0,3833000.0,5174600.0
