currency_code,rate_date,usd_per_local
USD,2022-06-30,1.0
USD,2022-07-31,1.0
USD,2022-08-31,1.0
USD,2022-09-30,1.0
USD,2022-10-31,1.0
USD,2022-11-30,1.0
USD,2022-12-31,1.0
USD,2023-01-31,1.0
USD,2023-02-28,1.0
USD,2023-03-31,1.0
USD,2023-04-30,1.0
USD,2023-05-31,1.0
USD,2023-06-30,1.0
USD,2023-07-31,1.0
USD,2023-08-31,1.0
USD,2023-09-30,1.0
USD,2023-10-31,1.0
USD,2023-11-30,1.0
USD,2023-12-31,1.0
USD,2024-01-31,1.0
USD,2024-02-29,1.0
USD,2024-03-31,1.0
USD,2024-04-30,1.0
USD,2024-05-31,1.0
USD,2024-06-30,1.0
USD,2024-07-31,1.0
USD,2024-08-31,1.0
USD,2024-09-30,1.0
USD,2024-10-31,1.0
USD,2024-11-30,1.0
USD,2024-12-31,1.0
USD,2025-01-31,1.0
USD,2025-02-28,1.0
USD,2025-03-31,1.0
USD,2025-04-30,1.0
USD,2025-05-31,1.0
USD,2025-06-30,1.0
USD,2025-07-31,1.0
USD,2025-08-31,1.0
USD,2025-09-30,1.0
USD,2025-10-31,1.0
USD,2025-11-30,1.0
USD,2025-12-31,1.0
USD,2026-01-31,1.0
USD,2026-02-28,1.0
USD,2026-03-31,1.0
USD,2026-04-30,1.0
USD,2026-05-31,1.0
USD,2026-06-30,1.0
CAD,2022-06-30,0.73
CAD,2022-07-31,0.73244242
CAD,2022-08-31,0.73545164
CAD,2022-09-30,0.74591515
CAD,2022-10-31,0.72852908
CAD,2022-11-30,0.73258321
CAD,2022-12-31,0.72227108
CAD,2023-01-31,0.71009694
CAD,2023-02-28,0.71243425
CAD,2023-03-31,0.71273947
CAD,2023-04-30,0.72149301
CAD,2023-05-31,0.72456428
CAD,2023-06-30,0.71475559
CAD,2023-07-31,0.71536973
CAD,2023-08-31,0.7130585
CAD,2023-09-30,0.71934084
CAD,2023-10-31,0.70729606
CAD,2023-11-30,0.71781433
CAD,2023-12-31,0.72240687
CAD,2024-01-31,0.71357461
CAD,2024-02-29,0.72781652
CAD,2024-03-31,0.72093367
CAD,2024-04-30,0.7165361
CAD,2024-05-31,0.72952768
CAD,2024-06-30,0.73267394
CAD,2024-07-31,0.74230307
CAD,2024-08-31,0.75815559
CAD,2024-09-30,0.73934234
CAD,2024-10-31,0.74218536
CAD,2024-11-30,0.74786361
CAD,2024-12-31,0.73327137
CAD,2025-01-31,0.7224617
CAD,2025-02-28,0.71632373
CAD,2025-03-31,0.73291249
CAD,2025-04-30,0.74368747
CAD,2025-05-31,0.73441949
CAD,2025-06-30,0.72263525
CAD,2025-07-31,0.7301035
CAD,2025-08-31,0.72830909
CAD,2025-09-30,0.72013299
CAD,2025-10-31,0.71505019
CAD,2025-11-30,0.73243233
CAD,2025-12-31,0.73478723
CAD,2026-01-31,0.7317213
CAD,2026-02-28,0.74539453
CAD,2026-03-31,0.76722845
CAD,2026-04-30,0.77699949
CAD,2026-05-31,0.75364185
CAD,2026-06-30,0.74825241
BRL,2022-06-30,0.185
BRL,2022-07-31,0.1794404
BRL,2022-08-31,0.17988258
BRL,2022-09-30,0.176657
BRL,2022-10-31,0.17872838
BRL,2022-11-30,0.17101609
BRL,2022-12-31,0.17851852
BRL,2023-01-31,0.1939397
BRL,2023-02-28,0.20896783
BRL,2023-03-31,0.20834016
BRL,2023-04-30,0.21335004
BRL,2023-05-31,0.22478671
BRL,2023-06-30,0.22486441
BRL,2023-07-31,0.23470857
BRL,2023-08-31,0.23284852
BRL,2023-09-30,0.22426249
BRL,2023-10-31,0.2203676
BRL,2023-11-30,0.217073
BRL,2023-12-31,0.21671902
BRL,2024-01-31,0.20385745
BRL,2024-02-29,0.20320633
BRL,2024-03-31,0.19921318
BRL,2024-04-30,0.19046234
BRL,2024-05-31,0.19486702
BRL,2024-06-30,0.19524981
BRL,2024-07-31,0.19795063
BRL,2024-08-31,0.19840541
BRL,2024-09-30,0.19777867
BRL,2024-10-31,0.19156698
BRL,2024-11-30,0.18398721
BRL,2024-12-31,0.17860438
BRL,2025-01-31,0.17082308
BRL,2025-02-28,0.16721797
BRL,2025-03-31,0.1611607
BRL,2025-04-30,0.16300853
BRL,2025-05-31,0.15832128
BRL,2025-06-30,0.15662154
BRL,2025-07-31,0.15270979
BRL,2025-08-31,0.15545077
BRL,2025-09-30,0.15217005
BRL,2025-10-31,0.16414762
BRL,2025-11-30,0.16667535
BRL,2025-12-31,0.16873739
BRL,2026-01-31,0.17137912
BRL,2026-02-28,0.17131158
BRL,2026-03-31,0.17379056
BRL,2026-04-30,0.18013341
BRL,2026-05-31,0.18033741
BRL,2026-06-30,0.18155414
MXN,2022-06-30,0.0497
MXN,2022-07-31,0.0501381
MXN,2022-08-31,0.04971384
MXN,2022-09-30,0.04881027
MXN,2022-10-31,0.05066341
MXN,2022-11-30,0.05008264
MXN,2022-12-31,0.04927318
MXN,2023-01-31,0.04893928
MXN,2023-02-28,0.04719204
MXN,2023-03-31,0.0481204
MXN,2023-04-30,0.04992439
MXN,2023-05-31,0.04908154
MXN,2023-06-30,0.04938891
MXN,2023-07-31,0.04878038
MXN,2023-08-31,0.05103793
MXN,2023-09-30,0.05284859
MXN,2023-10-31,0.05318835
MXN,2023-11-30,0.05337541
MXN,2023-12-31,0.05324514
MXN,2024-01-31,0.05288163
MXN,2024-02-29,0.05263779
MXN,2024-03-31,0.05141047
MXN,2024-04-30,0.05378614
MXN,2024-05-31,0.05357543
MXN,2024-06-30,0.05584951
MXN,2024-07-31,0.05576353
MXN,2024-08-31,0.05599457
MXN,2024-09-30,0.05723602
MXN,2024-10-31,0.05740305
MXN,2024-11-30,0.05962309
MXN,2024-12-31,0.05951657
MXN,2025-01-31,0.06261268
MXN,2025-02-28,0.06167527
MXN,2025-03-31,0.06292995
MXN,2025-04-30,0.06638663
MXN,2025-05-31,0.06665831
MXN,2025-06-30,0.06746807
MXN,2025-07-31,0.06748249
MXN,2025-08-31,0.06933598
MXN,2025-09-30,0.06744094
MXN,2025-10-31,0.06915662
MXN,2025-11-30,0.06764124
MXN,2025-12-31,0.06872952
MXN,2026-01-31,0.06786372
MXN,2026-02-28,0.06813913
MXN,2026-03-31,0.06936199
MXN,2026-04-30,0.06846106
MXN,2026-05-31,0.06545239
MXN,2026-06-30,0.0671632
GBP,2022-06-30,1.115
GBP,2022-07-31,1.13087847
GBP,2022-08-31,1.13507861
GBP,2022-09-30,1.14985244
GBP,2022-10-31,1.18860768
GBP,2022-11-30,1.20249673
GBP,2022-12-31,1.22770425
GBP,2023-01-31,1.20003253
GBP,2023-02-28,1.20555415
GBP,2023-03-31,1.2203511
GBP,2023-04-30,1.21187414
GBP,2023-05-31,1.21167448
GBP,2023-06-30,1.19731678
GBP,2023-07-31,1.20999127
GBP,2023-08-31,1.17211211
GBP,2023-09-30,1.18013844
GBP,2023-10-31,1.17670407
GBP,2023-11-30,1.18080774
GBP,2023-12-31,1.18140449
GBP,2024-01-31,1.24469062
GBP,2024-02-29,1.21609279
GBP,2024-03-31,1.21590505
GBP,2024-04-30,1.21714105
GBP,2024-05-31,1.20089174
GBP,2024-06-30,1.17586254
GBP,2024-07-31,1.17954033
GBP,2024-08-31,1.20903066
GBP,2024-09-30,1.22952521
GBP,2024-10-31,1.26366991
GBP,2024-11-30,1.3006506
GBP,2024-12-31,1.33938555
GBP,2025-01-31,1.38344372
GBP,2025-02-28,1.36021408
GBP,2025-03-31,1.35206296
GBP,2025-04-30,1.35269787
GBP,2025-05-31,1.32677806
GBP,2025-06-30,1.36051129
GBP,2025-07-31,1.32173037
GBP,2025-08-31,1.36136028
GBP,2025-09-30,1.39278476
GBP,2025-10-31,1.36504306
GBP,2025-11-30,1.37540312
GBP,2025-12-31,1.41371495
GBP,2026-01-31,1.42507983
GBP,2026-02-28,1.44416756
GBP,2026-03-31,1.44429717
GBP,2026-04-30,1.4320578
GBP,2026-05-31,1.46986023
GBP,2026-06-30,1.48358446
EUR,2022-06-30,0.98
EUR,2022-07-31,0.95430414
EUR,2022-08-31,0.95922727
EUR,2022-09-30,0.97942662
EUR,2022-10-31,0.99599492
EUR,2022-11-30,0.99583643
EUR,2022-12-31,1.00246838
EUR,2023-01-31,1.00435143
EUR,2023-02-28,0.98448558
EUR,2023-03-31,0.98734024
EUR,2023-04-30,0.98390833
EUR,2023-05-31,0.98751505
EUR,2023-06-30,0.97129964
EUR,2023-07-31,0.94193301
EUR,2023-08-31,0.92586215
EUR,2023-09-30,0.95965099
EUR,2023-10-31,0.94823191
EUR,2023-11-30,0.98447461
EUR,2023-12-31,0.95521751
EUR,2024-01-31,0.98214327
EUR,2024-02-29,0.98701775
EUR,2024-03-31,0.98615884
EUR,2024-04-30,1.00100113
EUR,2024-05-31,1.00120874
EUR,2024-06-30,1.00476244
EUR,2024-07-31,0.99358201
EUR,2024-08-31,1.01508334
EUR,2024-09-30,1.00496113
EUR,2024-10-31,0.98198792
EUR,2024-11-30,0.98708027
EUR,2024-12-31,1.00615524
EUR,2025-01-31,1.02727864
EUR,2025-02-28,1.02594915
EUR,2025-03-31,1.03606092
EUR,2025-04-30,1.02077581
EUR,2025-05-31,1.0076543
EUR,2025-06-30,1.01795321
EUR,2025-07-31,1.02784896
EUR,2025-08-31,1.02745482
EUR,2025-09-30,1.05884469
EUR,2025-10-31,1.06544232
EUR,2025-11-30,1.0372229
EUR,2025-12-31,1.04575926
EUR,2026-01-31,1.04939075
EUR,2026-02-28,1.07449489
EUR,2026-03-31,1.05059996
EUR,2026-04-30,1.08187107
EUR,2026-05-31,1.04811862
EUR,2026-06-30,1.05270143
PLN,2022-06-30,0.202
PLN,2022-07-31,0.20707536
PLN,2022-08-31,0.20988858
PLN,2022-09-30,0.20689307
PLN,2022-10-31,0.2048642
PLN,2022-11-30,0.20218845
PLN,2022-12-31,0.19622653
PLN,2023-01-31,0.18994412
PLN,2023-02-28,0.19403154
PLN,2023-03-31,0.19403996
PLN,2023-04-30,0.19842344
PLN,2023-05-31,0.19862537
PLN,2023-06-30,0.18797845
PLN,2023-07-31,0.19162996
PLN,2023-08-31,0.19568918
PLN,2023-09-30,0.19543603
PLN,2023-10-31,0.19833608
PLN,2023-11-30,0.19653314
PLN,2023-12-31,0.18982653
PLN,2024-01-31,0.19225471
PLN,2024-02-29,0.18589417
PLN,2024-03-31,0.17217164
PLN,2024-04-30,0.1751457
PLN,2024-05-31,0.1767747
PLN,2024-06-30,0.17953241
PLN,2024-07-31,0.18178516
PLN,2024-08-31,0.18595137
PLN,2024-09-30,0.1945221
PLN,2024-10-31,0.19154746
PLN,2024-11-30,0.19566564
PLN,2024-12-31,0.19685868
PLN,2025-01-31,0.20190125
PLN,2025-02-28,0.20836107
PLN,2025-03-31,0.20977408
PLN,2025-04-30,0.22094115
PLN,2025-05-31,0.2159694
PLN,2025-06-30,0.21515378
PLN,2025-07-31,0.21175537
PLN,2025-08-31,0.20573426
PLN,2025-09-30,0.20633404
PLN,2025-10-31,0.20975031
PLN,2025-11-30,0.21583921
PLN,2025-12-31,0.21685242
PLN,2026-01-31,0.2098945
PLN,2026-02-28,0.22096628
PLN,2026-03-31,0.22753813
PLN,2026-04-30,0.22286641
PLN,2026-05-31,0.21851182
PLN,2026-06-30,0.21961823
INR,2022-06-30,0.0123
INR,2022-07-31,0.01235501
INR,2022-08-31,0.01213055
INR,2022-09-30,0.01203137
INR,2022-10-31,0.01200849
INR,2022-11-30,0.01212827
INR,2022-12-31,0.01225332
INR,2023-01-31,0.01231474
INR,2023-02-28,0.01241508
INR,2023-03-31,0.01230103
INR,2023-04-30,0.01209759
INR,2023-05-31,0.01234099
INR,2023-06-30,0.01246555
INR,2023-07-31,0.01242748
INR,2023-08-31,0.01233984
INR,2023-09-30,0.01222677
INR,2023-10-31,0.01241363
INR,2023-11-30,0.01249455
INR,2023-12-31,0.01262861
INR,2024-01-31,0.01260459
INR,2024-02-29,0.01270394
INR,2024-03-31,0.01289298
INR,2024-04-30,0.01287911
INR,2024-05-31,0.01289692
INR,2024-06-30,0.01284025
INR,2024-07-31,0.01293477
INR,2024-08-31,0.01279434
INR,2024-09-30,0.01292802
INR,2024-10-31,0.01278123
INR,2024-11-30,0.01280393
INR,2024-12-31,0.01271269
INR,2025-01-31,0.01270553
INR,2025-02-28,0.0130111
INR,2025-03-31,0.01331584
INR,2025-04-30,0.01320135
INR,2025-05-31,0.01331726
INR,2025-06-30,0.01334378
INR,2025-07-31,0.01303655
INR,2025-08-31,0.01276646
INR,2025-09-30,0.01264832
INR,2025-10-31,0.01268324
INR,2025-11-30,0.01261353
INR,2025-12-31,0.01239928
INR,2026-01-31,0.01248041
INR,2026-02-28,0.01207692
INR,2026-03-31,0.01196262
INR,2026-04-30,0.0118577
INR,2026-05-31,0.01203655
INR,2026-06-30,0.01227372
SGD,2022-06-30,0.698
SGD,2022-07-31,0.70300327
SGD,2022-08-31,0.70893257
SGD,2022-09-30,0.69929874
SGD,2022-10-31,0.71764686
SGD,2022-11-30,0.72821275
SGD,2022-12-31,0.72716557
SGD,2023-01-31,0.72531647
SGD,2023-02-28,0.72619477
SGD,2023-03-31,0.72526312
SGD,2023-04-30,0.72776551
SGD,2023-05-31,0.73084753
SGD,2023-06-30,0.74090958
SGD,2023-07-31,0.75885754
SGD,2023-08-31,0.76411591
SGD,2023-09-30,0.76409616
SGD,2023-10-31,0.76371381
SGD,2023-11-30,0.76582555
SGD,2023-12-31,0.76684471
SGD,2024-01-31,0.77206554
SGD,2024-02-29,0.77177171
SGD,2024-03-31,0.77661025
SGD,2024-04-30,0.76801144
SGD,2024-05-31,0.78160854
SGD,2024-06-30,0.7789058
SGD,2024-07-31,0.79170937
SGD,2024-08-31,0.78657701
SGD,2024-09-30,0.79631049
SGD,2024-10-31,0.80902423
SGD,2024-11-30,0.80754648
SGD,2024-12-31,0.80775119
SGD,2025-01-31,0.81167056
SGD,2025-02-28,0.8230823
SGD,2025-03-31,0.81262525
SGD,2025-04-30,0.79533088
SGD,2025-05-31,0.7940922
SGD,2025-06-30,0.80190009
SGD,2025-07-31,0.79631851
SGD,2025-08-31,0.79966341
SGD,2025-09-30,0.80558029
SGD,2025-10-31,0.81439977
SGD,2025-11-30,0.80900407
SGD,2025-12-31,0.80617526
SGD,2026-01-31,0.81639787
SGD,2026-02-28,0.81786955
SGD,2026-03-31,0.82606802
SGD,2026-04-30,0.82373262
SGD,2026-05-31,0.81293577
SGD,2026-06-30,0.815229
JPY,2022-06-30,0.0069
JPY,2022-07-31,0.00688588
JPY,2022-08-31,0.00693964
JPY,2022-09-30,0.0068157
JPY,2022-10-31,0.00692222
JPY,2022-11-30,0.0069356
JPY,2022-12-31,0.00688269
JPY,2023-01-31,0.0066326
JPY,2023-02-28,0.00686764
JPY,2023-03-31,0.00681922
JPY,2023-04-30,0.00659108
JPY,2023-05-31,0.00660936
JPY,2023-06-30,0.00648424
JPY,2023-07-31,0.00632375
JPY,2023-08-31,0.00635582
JPY,2023-09-30,0.0064504
JPY,2023-10-31,0.00625212
JPY,2023-11-30,0.0058973
JPY,2023-12-31,0.00576891
JPY,2024-01-31,0.00584844
JPY,2024-02-29,0.00570558
JPY,2024-03-31,0.00579072
JPY,2024-04-30,0.00546381
JPY,2024-05-31,0.0054933
JPY,2024-06-30,0.00535098
JPY,2024-07-31,0.00545652
JPY,2024-08-31,0.00542887
JPY,2024-09-30,0.00540128
JPY,2024-10-31,0.00519445
JPY,2024-11-30,0.0052328
JPY,2024-12-31,0.00513782
JPY,2025-01-31,0.00513814
JPY,2025-02-28,0.00501792
JPY,2025-03-31,0.00491369
JPY,2025-04-30,0.00490696
JPY,2025-05-31,0.00500365
JPY,2025-06-30,0.00500874
JPY,2025-07-31,0.00533585
JPY,2025-08-31,0.00545069
JPY,2025-09-30,0.00534872
JPY,2025-10-31,0.00543532
JPY,2025-11-30,0.00574686
JPY,2025-12-31,0.00604232
JPY,2026-01-31,0.00596138
JPY,2026-02-28,0.00608405
JPY,2026-03-31,0.00604075
JPY,2026-04-30,0.00565211
JPY,2026-05-31,0.0055121
JPY,2026-06-30,0.00571381
AUD,2022-06-30,0.645
AUD,2022-07-31,0.65649871
AUD,2022-08-31,0.65861416
AUD,2022-09-30,0.6652547
AUD,2022-10-31,0.65453656
AUD,2022-11-30,0.66199432
AUD,2022-12-31,0.655372
AUD,2023-01-31,0.65539701
AUD,2023-02-28,0.66909857
AUD,2023-03-31,0.68520766
AUD,2023-04-30,0.68272377
AUD,2023-05-31,0.70169894
AUD,2023-06-30,0.68741883
AUD,2023-07-31,0.6749507
AUD,2023-08-31,0.68731091
AUD,2023-09-30,0.70957421
AUD,2023-10-31,0.7249399
AUD,2023-11-30,0.70250712
AUD,2023-12-31,0.68954979
AUD,2024-01-31,0.70464265
AUD,2024-02-29,0.70175006
AUD,2024-03-31,0.70240031
AUD,2024-04-30,0.73046157
AUD,2024-05-31,0.73309284
AUD,2024-06-30,0.73181158
AUD,2024-07-31,0.75528221
AUD,2024-08-31,0.77407514
AUD,2024-09-30,0.76406612
AUD,2024-10-31,0.76382491
AUD,2024-11-30,0.75784116
AUD,2024-12-31,0.76906893
AUD,2025-01-31,0.74716733
AUD,2025-02-28,0.75283704
AUD,2025-03-31,0.75896151
AUD,2025-04-30,0.78026852
AUD,2025-05-31,0.77755027
AUD,2025-06-30,0.78731291
AUD,2025-07-31,0.79299667
AUD,2025-08-31,0.78163218
AUD,2025-09-30,0.76954646
AUD,2025-10-31,0.7469079
AUD,2025-11-30,0.74684844
AUD,2025-12-31,0.72260758
AUD,2026-01-31,0.73169035
AUD,2026-02-28,0.744693
AUD,2026-03-31,0.75292823
AUD,2026-04-30,0.73260519
AUD,2026-05-31,0.7122316
AUD,2026-06-30,0.70035897
AED,2022-06-30,0.2723
AED,2022-07-31,0.2723
AED,2022-08-31,0.2723
AED,2022-09-30,0.2723
AED,2022-10-31,0.2723
AED,2022-11-30,0.2723
AED,2022-12-31,0.2723
AED,2023-01-31,0.2723
AED,2023-02-28,0.2723
AED,2023-03-31,0.2723
AED,2023-04-30,0.2723
AED,2023-05-31,0.2723
AED,2023-06-30,0.2723
AED,2023-07-31,0.2723
AED,2023-08-31,0.2723
AED,2023-09-30,0.2723
AED,2023-10-31,0.2723
AED,2023-11-30,0.2723
AED,2023-12-31,0.2723
AED,2024-01-31,0.2723
AED,2024-02-29,0.2723
AED,2024-03-31,0.2723
AED,2024-04-30,0.2723
AED,2024-05-31,0.2723
AED,2024-06-30,0.2723
AED,2024-07-31,0.2723
AED,2024-08-31,0.2723
AED,2024-09-30,0.2723
AED,2024-10-31,0.2723
AED,2024-11-30,0.2723
AED,2024-12-31,0.2723
AED,2025-01-31,0.2723
AED,2025-02-28,0.2723
AED,2025-03-31,0.2723
AED,2025-04-30,0.2723
AED,2025-05-31,0.2723
AED,2025-06-30,0.2723
AED,2025-07-31,0.2723
AED,2025-08-31,0.2723
AED,2025-09-30,0.2723
AED,2025-10-31,0.2723
AED,2025-11-30,0.2723
AED,2025-12-31,0.2723
AED,2026-01-31,0.2723
AED,2026-02-28,0.2723
AED,2026-03-31,0.2723
AED,2026-04-30,0.2723
AED,2026-05-31,0.2723
AED,2026-06-30,0.2723
ZAR,2022-06-30,0.0556
ZAR,2022-07-31,0.05278288
ZAR,2022-08-31,0.05388927
ZAR,2022-09-30,0.05470976
ZAR,2022-10-31,0.05623199
ZAR,2022-11-30,0.05365988
ZAR,2022-12-31,0.05328643
ZAR,2023-01-31,0.05124617
ZAR,2023-02-28,0.05248455
ZAR,2023-03-31,0.05171182
ZAR,2023-04-30,0.04822181
ZAR,2023-05-31,0.05050432
ZAR,2023-06-30,0.05119033
ZAR,2023-07-31,0.05162989
ZAR,2023-08-31,0.05031436
ZAR,2023-09-30,0.04647297
ZAR,2023-10-31,0.04395169
ZAR,2023-11-30,0.04523459
ZAR,2023-12-31,0.0447837
ZAR,2024-01-31,0.04483724
ZAR,2024-02-29,0.04402833
ZAR,2024-03-31,0.04235384
ZAR,2024-04-30,0.04362645
ZAR,2024-05-31,0.04276354
ZAR,2024-06-30,0.04357965
ZAR,2024-07-31,0.04221667
ZAR,2024-08-31,0.04469165
ZAR,2024-09-30,0.04294113
ZAR,2024-10-31,0.04165476
ZAR,2024-11-30,0.04183913
ZAR,2024-12-31,0.04312846
ZAR,2025-01-31,0.04430791
ZAR,2025-02-28,0.04330183
ZAR,2025-03-31,0.04504914
ZAR,2025-04-30,0.04399253
ZAR,2025-05-31,0.04551926
ZAR,2025-06-30,0.04394615
ZAR,2025-07-31,0.04222409
ZAR,2025-08-31,0.04312377
ZAR,2025-09-30,0.04214553
ZAR,2025-10-31,0.04098456
ZAR,2025-11-30,0.04152166
ZAR,2025-12-31,0.04048651
ZAR,2026-01-31,0.04181181
ZAR,2026-02-28,0.04156654
ZAR,2026-03-31,0.04230874
ZAR,2026-04-30,0.04273
ZAR,2026-05-31,0.0423658
ZAR,2026-06-30,0.04288934
