rate_set,rate_date,currency_code,usd_per_local
Latest close (2026-06-30),2026-06-30,AED,0.27229408
Latest close (2026-06-30),2026-06-30,AUD,0.6887089
Latest close (2026-06-30),2026-06-30,BRL,0.19310882
Latest close (2026-06-30),2026-06-30,CAD,0.70246609
Latest close (2026-06-30),2026-06-30,CHF,1.23525585
Latest close (2026-06-30),2026-06-30,EUR,1.1394
Latest close (2026-06-30),2026-06-30,GBP,1.32214718
Latest close (2026-06-30),2026-06-30,INR,0.01056404
Latest close (2026-06-30),2026-06-30,JPY,0.00615626
Latest close (2026-06-30),2026-06-30,KRW,0.00064479
Latest close (2026-06-30),2026-06-30,MXN,0.05724765
Latest close (2026-06-30),2026-06-30,PHP,0.01629786
Latest close (2026-06-30),2026-06-30,PLN,0.26525434
Latest close (2026-06-30),2026-06-30,SEK,0.10270879
Latest close (2026-06-30),2026-06-30,SGD,0.77226515
Latest close (2026-06-30),2026-06-30,USD,1.0
Latest close (2026-06-30),2026-06-30,ZAR,0.06107942
